"DATA_YEAR","ARRESTEE_ID","INCIDENT_ID","ARRESTEE_SEQ_NUM","ARREST_DATE","ARREST_TYPE_ID","MULTIPLE_INDICATOR","OFFENSE_TYPE_ID","AGE_ID","AGE_NUM","SEX_CODE","RACE_ID","ETHNICITY_ID","RESIDENT_CODE","UNDER_18_DISPOSITION_CODE","CLEARANCE_IND","AGE_RANGE_LOW_NUM","AGE_RANGE_HIGH_NUM"
2020,37238488,121535890,1,27-FEB-20,2,"N",16,5,45,"M",2,2,"R","","",45,0
2020,37231657,121535891,1,22-FEB-20,1,"N",5,5,48,"M",2,2,"R","","",48,0
2020,38200287,123448364,1,27-APR-20,3,"N",40,5,25,"M",2,2,"R","","",25,0
2020,38200292,123448372,1,26-MAR-20,2,"N",45,5,31,"M",2,2,"R","","",31,0
2020,38200297,123448379,1,22-APR-20,1,"N",35,5,28,"M",2,2,"R","","",28,0
2020,38200298,123448382,1,27-APR-20,2,"N",16,5,25,"M",2,2,"R","","",25,0
2020,38200301,123448394,1,24-APR-20,2,"N",16,5,39,"F",2,2,"R","","",39,0
2020,38200304,123448410,1,30-MAR-20,3,"N",27,5,31,"M",2,2,"N","","",31,0
2020,38200309,123448415,3,14-FEB-20,1,"N",51,5,16,"F",2,2,"R","H","",16,0
2020,38200307,123448415,1,14-FEB-20,1,"N",51,5,16,"F",2,2,"R","H","",16,0
2020,38200308,123448415,2,14-FEB-20,1,"N",51,5,16,"F",2,2,"R","H","",16,0
2020,38200310,123448415,4,08-APR-20,3,"N",51,5,17,"M",2,2,"R","H","",17,0
2020,36682776,120074161,1,17-JAN-20,1,"N",40,5,13,"M",2,2,"N","R","",13,0
2020,36682777,120074163,1,15-JAN-20,1,"N",51,5,26,"F",2,2,"R","","",26,0
2020,36682778,120074165,1,16-JAN-20,1,"N",51,5,15,"M",2,2,"R","R","",15,0
2020,36682779,120074166,1,16-JAN-20,1,"N",44,5,25,"M",2,2,"R","","",25,0
2020,36682780,120074167,1,10-JAN-20,3,"N",51,5,21,"M",2,2,"N","","",21,0
2020,36682781,120074168,1,15-JAN-20,2,"N",16,5,25,"M",2,2,"R","","",25,0
2020,36682782,120074172,1,15-JAN-20,1,"N",51,5,34,"M",2,2,"N","","",34,0
2020,36682783,120074173,1,14-JAN-20,1,"N",51,5,33,"M",2,2,"R","","",33,0
2020,36682701,120073969,1,30-JAN-20,1,"N",51,5,24,"M",2,2,"N","","",24,0
2020,36682717,120074030,1,30-JAN-20,2,"N",16,5,28,"M",2,2,"R","","",28,0
2020,38200280,123448347,1,28-FEB-20,3,"N",40,5,16,"M",2,2,"N","R","",16,0
2020,38200276,123448327,1,21-APR-20,1,"N",16,5,34,"M",2,2,"R","","",34,0
2020,38200283,123448351,3,27-APR-20,1,"N",51,5,15,"F",2,2,"R","R","",15,0
2020,38200281,123448351,1,27-APR-20,1,"N",51,5,16,"F",2,2,"R","R","",16,0
2020,38200282,123448351,2,27-APR-20,1,"N",51,5,15,"F",2,2,"R","R","",15,0
2020,38200295,123448378,1,20-APR-20,1,"N",51,5,42,"M",2,2,"N","","",42,0
2020,38200323,123448455,1,22-APR-20,2,"N",16,5,25,"M",2,2,"R","","",25,0
2020,38200314,123448426,1,29-MAR-20,1,"N",27,5,29,"M",2,3,"U","","",29,0
2020,38200315,123448428,1,28-MAR-20,1,"N",49,5,20,"M",2,2,"N","","",20,0
2020,38200319,123448434,1,30-MAR-20,1,"N",51,5,21,"F",2,2,"N","","",21,0
2020,38200320,123448436,1,31-MAR-20,1,"N",51,5,26,"M",2,3,"R","","",26,0
2020,38200321,123448438,1,28-MAR-20,1,"N",44,5,47,"M",2,2,"R","","",47,0
2020,38200286,123448363,1,27-APR-20,1,"N",51,5,14,"F",2,2,"R","R","",14,0
2020,38200299,123448388,1,24-APR-20,2,"N",16,5,25,"M",2,2,"R","","",25,0
2020,38200312,123448422,1,23-APR-20,3,"N",16,5,22,"M",2,2,"R","","",22,0
2020,38200313,123448424,1,23-APR-20,2,"N",16,5,20,"M",2,2,"N","","",20,0
2020,38200316,123448429,1,21-APR-20,1,"N",40,5,23,"M",2,2,"R","","",23,0
2020,38200318,123448432,1,29-MAR-20,2,"N",5,5,22,"M",2,2,"N","","",22,0
2020,38200322,123448442,1,22-APR-20,2,"N",16,5,28,"M",2,3,"N","","",28,0
2020,38200328,123448476,1,18-APR-20,1,"N",51,5,35,"M",2,2,"N","","",35,0
2020,38200329,123448476,2,18-APR-20,1,"N",51,5,40,"M",2,2,"R","","",40,0
2020,38200330,123448480,1,16-APR-20,1,"N",27,5,31,"F",2,2,"R","","",31,0
2020,38200331,123448481,1,17-APR-20,1,"N",27,5,26,"M",2,2,"R","","",26,0
2020,38200332,123448487,1,15-APR-20,1,"N",51,5,28,"M",2,2,"N","","",28,0
2020,38200333,123448487,2,15-APR-20,1,"N",5,5,31,"M",2,2,"N","","",31,0
2020,38200341,123448500,1,16-APR-20,2,"N",51,5,23,"M",2,2,"N","","",23,0
2020,38200342,123448501,1,06-APR-20,1,"N",40,5,19,"M",2,2,"N","","",19,0
2020,38200343,123448505,1,05-APR-20,1,"N",40,5,23,"M",2,2,"N","","",23,0
2020,38200344,123448510,1,03-APR-20,3,"N",40,5,32,"M",2,2,"R","","",32,0
2020,38200345,123448513,1,02-APR-20,1,"N",51,5,55,"M",2,2,"N","","",55,0
2020,38200303,123448404,1,22-APR-20,1,"N",27,5,45,"F",2,2,"R","","",45,0
2020,38200305,123448411,1,25-APR-20,1,"N",5,5,34,"M",2,2,"R","","",34,0
2020,38200306,123448414,1,20-APR-20,1,"N",18,5,14,"F",2,2,"R","R","",14,0
2020,38200317,123448430,1,28-FEB-20,3,"N",27,5,37,"M",2,2,"N","","",37,0
2020,38200346,123448517,1,01-APR-20,1,"N",51,5,36,"M",1,2,"R","","",36,0
2020,38200285,123448358,1,21-FEB-20,3,"N",51,5,19,"M",2,3,"N","","",19,0
2020,38200296,123448376,1,07-APR-20,2,"N",51,5,40,"F",2,2,"N","","",40,0
2020,38200334,123448491,1,10-APR-20,1,"N",51,5,17,"M",2,2,"R","H","",17,0
2020,38200335,123448492,1,10-APR-20,1,"N",40,5,24,"M",2,2,"R","","",24,0
2020,38200336,123448493,1,13-APR-20,1,"N",40,5,40,"M",2,2,"N","","",40,0
2020,38200337,123448494,1,09-APR-20,1,"N",40,5,29,"M",2,2,"R","","",29,0
2020,38200338,123448495,1,11-APR-20,1,"N",39,5,21,"M",2,2,"N","","",21,0
2020,38200339,123448498,1,09-APR-20,1,"N",5,5,28,"M",1,1,"R","","",28,0
2020,38200340,123448499,1,02-APR-20,1,"N",44,5,28,"M",2,3,"R","","",28,0
2020,38200326,123448470,2,20-APR-20,1,"N",27,5,39,"M",2,2,"R","","",39,0
2020,38200325,123448470,1,20-APR-20,1,"N",27,5,40,"F",1,2,"R","","",40,0
2020,38200327,123448475,1,17-APR-20,1,"N",51,5,18,"M",2,2,"R","","",18,0
2020,38200302,123448398,1,26-APR-20,2,"N",5,5,34,"M",2,2,"N","","",34,0
2020,38200278,123448337,1,21-APR-20,3,"N",51,5,34,"M",2,2,"R","","",34,0
2020,38200279,123448339,1,28-APR-20,1,"N",56,5,19,"M",1,1,"R","","",19,0
2020,38200288,123448365,1,07-FEB-20,3,"N",40,5,17,"M",2,2,"N","R","",17,0
2020,38200289,123448365,2,20-FEB-20,3,"N",40,5,18,"M",2,2,"N","","",18,0
2020,38200290,123448365,3,07-APR-20,3,"N",40,5,16,"M",2,2,"N","R","",16,0
2020,38200291,123448369,1,27-APR-20,1,"N",16,5,28,"M",2,2,"R","","",28,0
2020,38200300,123448392,1,24-APR-20,2,"N",35,5,56,"M",2,2,"N","","",56,0
2020,39623394,128079937,1,08-AUG-20,1,"N",51,5,17,"M",2,2,"N","H","",17,0
2020,39626228,128079839,1,27-AUG-20,1,"N",5,5,25,"M",2,2,"N","","",25,0
2020,39626232,128079854,1,18-AUG-20,1,"N",44,5,40,"M",2,2,"N","","",40,0
2020,39626226,128083817,1,22-AUG-20,1,"N",51,5,49,"M",2,2,"R","","",49,0
2020,39623367,128079852,1,27-AUG-20,3,"N",40,5,18,"M",2,2,"R","","",18,0
2020,39626245,128079900,1,16-AUG-20,1,"N",27,5,41,"M",2,2,"R","","",41,0
2020,40424860,130696284,1,27-OCT-20,1,"N",51,5,56,"M",2,2,"R","","",56,0
2020,40424865,130696294,1,23-OCT-20,1,"N",5,5,37,"M",2,2,"R","","",37,0
2020,39623396,128083865,1,23-JUL-20,2,"N",51,5,30,"M",2,2,"N","","",30,0
2020,39623402,128083878,1,06-AUG-20,3,"N",40,5,16,"M",2,2,"R","R","",16,0
2020,39623406,128079967,1,01-AUG-20,1,"N",40,5,24,"M",2,2,"R","","",24,0
2020,39626261,128079971,1,02-AUG-20,1,"N",27,5,38,"M",2,2,"R","","",38,0
2020,39626246,128079908,1,13-AUG-20,1,"N",16,5,20,"M",2,2,"N","","",20,0
2020,37242413,121549366,1,21-FEB-20,1,"N",5,5,26,"M",2,2,"R","","",26,0
2020,37242415,121549370,1,22-FEB-20,1,"N",51,5,15,"F",2,2,"R","R","",15,0
2020,37242416,121549371,1,27-FEB-20,1,"N",16,5,45,"M",2,2,"R","","",45,0
2020,37242420,121549377,2,26-FEB-20,1,"N",16,5,22,"F",2,2,"R","","",22,0
2020,37242419,121549377,1,26-FEB-20,1,"N",16,5,24,"M",2,2,"N","","",24,0
2020,37238493,121549381,1,25-FEB-20,1,"N",28,5,17,"M",2,2,"R","R","",17,0
2020,37238495,121549381,3,25-FEB-20,1,"N",28,5,16,"M",2,2,"R","R","",16,0
2020,37238494,121549381,2,25-FEB-20,1,"N",28,5,16,"F",2,2,"R","R","",16,0
2020,36682757,120074114,1,17-JAN-20,1,"N",14,5,13,"M",2,2,"R","H","",13,0
2020,36682758,120074115,1,19-JAN-20,1,"N",51,5,15,"M",2,2,"R","R","",15,0
2020,36682759,120074116,1,20-JAN-20,2,"N",16,5,19,"M",2,2,"R","","",19,0
2020,36682760,120074117,1,20-JAN-20,1,"N",39,5,18,"M",1,1,"N","","",18,0
2020,36682761,120074118,1,18-JAN-20,1,"N",39,5,42,"M",2,2,"N","","",42,0
2020,37971971,123068580,1,18-MAR-20,3,"N",18,5,16,"M",2,2,"R","R","",16,0
2020,38517077,124520057,1,12-MAY-20,1,"N",27,5,30,"M",2,2,"R","","",30,0
2020,38513101,124520111,1,01-MAY-20,2,"N",16,5,24,"M",2,2,"R","","",24,0
2020,38513104,124520113,1,03-MAY-20,1,"N",39,5,30,"M",2,2,"R","","",30,0
2020,37972026,123068720,1,10-MAR-20,2,"N",16,5,19,"F",2,2,"R","","",19,0
2020,37979681,123059968,1,10-MAR-20,2,"N",16,5,20,"M",2,2,"N","","",20,0
2020,36682784,120074176,1,15-JAN-20,2,"N",16,5,20,"F",2,2,"N","","",20,0
2020,36682785,120074178,1,15-JAN-20,2,"N",16,5,39,"M",1,2,"R","","",39,0
2020,36682786,120074179,1,15-JAN-20,2,"N",16,5,22,"M",2,2,"N","","",22,0
2020,37979682,123059973,1,06-MAR-20,3,"N",16,5,47,"M",2,2,"R","","",47,0
2020,36682793,120074205,1,15-JAN-20,1,"N",51,5,25,"M",2,2,"R","","",25,0
2020,36682794,120074206,1,14-JAN-20,3,"N",51,5,39,"F",2,2,"R","","",39,0
2020,36682787,120074185,1,14-JAN-20,2,"N",16,5,44,"F",2,2,"R","","",44,0
2020,36682788,120074186,1,14-JAN-20,2,"N",16,5,24,"M",2,3,"R","","",24,0
2020,36682789,120074187,1,10-JAN-20,2,"N",16,5,38,"F",2,2,"R","","",38,0
2020,36682790,120074188,1,12-JAN-20,1,"N",16,5,21,"M",2,2,"R","","",21,0
2020,36682791,120074189,1,09-JAN-20,1,"N",39,5,16,"M",2,2,"N","H","",16,0
2020,36682792,120074190,1,22-JAN-20,3,"N",40,5,15,"M",2,2,"R","R","",15,0
2020,37238498,121551743,1,26-FEB-20,2,"N",16,5,28,"M",2,2,"N","","",28,0
2020,37238499,121551744,1,26-FEB-20,2,"N",16,5,31,"F",2,2,"N","","",31,0
2020,37238500,121551747,1,26-FEB-20,3,"N",16,5,34,"M",2,2,"N","","",34,0
2020,37238502,121551749,2,06-FEB-20,3,"N",40,5,15,"F",2,2,"N","R","",15,0
2020,37238501,121551749,1,27-JAN-20,3,"N",40,5,15,"F",2,2,"R","R","",15,0
2020,37238504,121551751,1,06-JAN-20,3,"N",21,5,20,"M",2,2,"R","","",20,0
2020,37242431,121551752,1,22-JAN-20,3,"N",51,5,15,"M",1,1,"R","R","",15,0
2020,37238506,121551755,1,08-FEB-20,3,"N",51,5,31,"M",0,2,"N","","",31,0
2020,37238507,121551758,1,25-FEB-20,2,"N",16,5,22,"M",2,2,"R","","",22,0
2020,37238508,121551760,1,25-FEB-20,2,"N",16,5,20,"M",2,2,"R","","",20,0
2020,37238509,121551761,1,20-FEB-20,1,"N",18,5,16,"M",2,2,"R","R","",16,0
2020,36682724,120074057,1,28-JAN-20,2,"N",16,5,27,"M",2,1,"R","","",27,0
2020,36682725,120074061,1,24-JAN-20,1,"N",51,5,36,"F",2,2,"R","","",36,0
2020,36682726,120074061,2,24-JAN-20,1,"N",51,5,26,"F",2,2,"R","","",26,0
2020,36682727,120074062,1,29-JAN-20,1,"N",56,5,45,"M",2,2,"R","","",45,0
2020,36682731,120074066,1,28-JAN-20,1,"N",16,5,42,"F",2,2,"R","","",42,0
2020,36682732,120074066,2,28-JAN-20,1,"N",39,5,48,"M",2,2,"R","","",48,0
2020,36682734,120074071,1,27-JAN-20,1,"N",51,5,18,"M",2,2,"R","","",18,0
2020,36682735,120074077,1,29-JAN-20,3,"M",27,5,39,"M",2,2,"R","","",39,0
2020,36682736,120074078,1,24-JAN-20,1,"N",16,5,55,"M",2,2,"N","","",55,0
2020,36682737,120074080,1,23-JAN-20,1,"N",44,5,63,"M",2,2,"R","","",63,0
2020,36682738,120074081,1,23-JAN-20,1,"N",45,5,15,"M",2,2,"R","R","",15,0
2020,36682739,120074082,1,23-JAN-20,1,"N",16,5,28,"M",2,2,"R","","",28,0
2020,36682763,120074121,1,20-JAN-20,1,"N",39,5,37,"F",2,2,"N","","",37,0
2020,36682765,120074125,1,19-JAN-20,2,"N",16,5,21,"M",2,2,"R","","",21,0
2020,36682766,120074127,1,20-JAN-20,2,"N",16,5,22,"M",1,1,"R","","",22,0
2020,39336759,127190744,1,04-JUL-20,1,"N",56,5,23,"M",2,2,"R","","",23,0
2020,39332218,127194414,1,03-JUL-20,1,"N",51,5,20,"M",2,2,"R","","",20,0
2020,39332219,127194414,2,03-JUL-20,1,"N",51,5,17,"M",2,2,"R","H","",17,0
2020,39332222,127194424,1,10-JUL-20,3,"N",51,5,30,"F",2,2,"R","","",30,0
2020,39336734,127190679,1,21-JUL-20,1,"N",56,5,20,"M",2,2,"U","","",20,0
2020,39332221,127194422,1,09-JUL-20,1,"N",39,5,17,"M",2,2,"R","H","",17,0
2020,39969523,129241147,1,14-SEP-20,1,"N",28,5,51,"M",2,2,"R","","",51,0
2020,39969526,129228950,1,16-MAR-20,1,"N",27,5,60,"F",2,2,"R","","",60,0
2020,39964521,129241164,1,27-JUL-20,3,"N",27,5,32,"M",2,2,"R","","",32,0
2020,39964522,129241164,2,26-AUG-20,3,"N",27,5,29,"M",2,2,"R","","",29,0
2020,39964524,129228966,1,23-SEP-20,3,"N",56,5,36,"M",2,2,"R","","",36,0
2020,39336751,127194420,1,07-JUL-20,1,"N",51,5,45,"M",2,2,"N","","",45,0
2020,39332231,127194455,1,30-JUN-20,1,"N",51,5,45,"F",2,2,"R","","",45,0
2020,39336754,127194425,1,07-JUL-20,1,"N",27,5,38,"F",2,2,"R","","",38,0
2020,39332230,127194449,1,03-JUL-20,2,"N",16,5,21,"M",2,2,"N","","",21,0
2020,39336762,127194454,1,26-JUN-20,1,"N",44,5,54,"F",2,2,"R","","",54,0
2020,39332225,127194429,1,11-JUL-20,1,"N",21,5,34,"M",2,3,"N","","",34,0
2020,39332226,127194429,2,11-JUL-20,1,"N",21,5,34,"M",2,2,"N","","",34,0
2020,39336756,127194429,4,11-JUL-20,1,"N",21,5,40,"M",2,2,"N","","",40,0
2020,39332227,127194429,3,11-JUL-20,1,"N",21,5,35,"F",2,2,"N","","",35,0
2020,39332202,127194371,1,26-JUL-20,1,"N",51,5,23,"M",2,2,"R","","",23,0
2020,39336761,127194451,1,02-JUL-20,1,"N",51,5,59,"M",2,2,"R","","",59,0
2020,39332204,127194376,1,23-JUL-20,3,"N",45,5,28,"M",2,2,"R","","",28,0
2020,39332208,127194388,1,22-JUL-20,1,"N",16,5,52,"M",2,2,"R","","",52,0
2020,39336737,127190691,1,15-JUL-20,1,"N",27,5,34,"F",2,2,"R","","",34,0
2020,39626231,128083823,1,24-AUG-20,1,"N",51,5,40,"M",2,2,"R","","",40,0
2020,39623390,128079922,1,13-JUL-20,3,"N",27,5,28,"M",2,2,"R","","",28,0
2020,39623391,128079929,1,08-AUG-20,1,"N",51,5,34,"F",2,2,"N","","",34,0
2020,39626227,128079836,1,28-AUG-20,1,"N",51,5,26,"M",2,2,"N","","",26,0
2020,39332201,127194369,1,25-JUL-20,1,"N",51,5,29,"M",2,2,"R","","",29,0
2020,39332228,127190734,1,09-JUL-20,2,"N",16,5,31,"M",2,2,"R","","",31,0
2020,39626264,128083903,1,30-JUL-20,3,"N",51,5,33,"M",2,2,"R","","",33,0
2020,39626249,128079915,1,11-AUG-20,1,"N",40,5,25,"M",2,2,"N","","",25,0
2020,39623407,128083887,1,09-JUL-20,1,"N",21,5,13,"M",2,2,"R","R","",13,0
2020,39626260,128083887,2,09-JUL-20,1,"N",21,5,13,"M",2,2,"R","R","",13,0
2020,39332212,127190684,1,21-JUL-20,1,"N",51,5,25,"M",2,2,"N","","",25,0
2020,39332234,127194467,1,05-JUL-20,1,"N",51,5,13,"F",2,2,"N","H","",13,0
2020,39332200,127194365,3,28-JUL-20,1,"N",5,5,20,"M",2,2,"R","","",20,0
2020,39332198,127194365,1,28-JUL-20,1,"N",5,5,23,"M",2,2,"R","","",23,0
2020,39332199,127194365,2,28-JUL-20,1,"N",5,5,26,"M",2,2,"R","","",26,0
2020,39332233,127194460,1,23-JUN-20,1,"N",51,5,30,"F",2,2,"N","","",30,0
2020,39332210,127190685,1,19-JUL-20,1,"N",27,5,23,"M",2,2,"R","","",23,0
2020,39332211,127190685,2,19-JUL-20,1,"N",51,5,26,"M",2,2,"N","","",26,0
2020,39332213,127190689,1,18-JUL-20,1,"N",51,5,37,"M",2,2,"N","","",37,0
2020,39623389,128079923,1,09-AUG-20,3,"N",16,5,44,"M",1,2,"N","","",44,0
2020,39626253,128083868,1,07-AUG-20,2,"N",16,5,30,"M",2,2,"R","","",30,0
2020,36682834,120074290,1,05-JAN-20,1,"N",16,5,23,"M",2,2,"N","","",23,0
2020,36682835,120074291,1,02-JAN-20,2,"N",16,5,28,"M",2,2,"R","","",28,0
2020,36682836,120074292,1,02-JAN-20,2,"N",16,5,29,"M",2,3,"R","","",29,0
2020,36682837,120074293,1,02-JAN-20,2,"N",16,5,40,"M",2,2,"R","","",40,0
2020,36682839,120074294,2,02-JAN-20,1,"N",16,5,31,"F",1,2,"N","","",31,0
2020,36682838,120074294,1,02-JAN-20,1,"N",16,5,38,"M",1,2,"R","","",38,0
2020,36682840,120074295,1,01-JAN-20,1,"N",51,5,21,"M",2,2,"R","","",21,0
2020,36682841,120074296,1,01-JAN-20,2,"N",45,5,16,"F",1,2,"N","R","",16,0
2020,36682842,120074296,2,01-JAN-20,2,"N",45,5,16,"F",2,2,"N","R","",16,0
2020,36682843,120074297,1,01-JAN-20,1,"N",51,5,38,"M",1,1,"R","","",38,0
2020,36682844,120074298,1,01-JAN-20,2,"N",16,5,36,"M",2,2,"R","","",36,0
2020,36682845,120074299,1,01-JAN-20,2,"N",16,5,36,"M",2,2,"R","","",36,0
2020,36682846,120074300,1,01-JAN-20,2,"N",16,5,25,"M",2,2,"R","","",25,0
2020,36682847,120074301,1,01-JAN-20,1,"N",51,5,68,"M",1,1,"U","","",68,0
2020,36682848,120074302,1,01-JAN-20,1,"N",51,5,38,"M",2,2,"R","","",38,0
2020,36682849,120074303,1,15-JAN-20,2,"N",21,5,37,"M",2,2,"R","","",37,0
2020,38513079,124526968,1,17-MAY-20,1,"N",40,5,18,"M",1,2,"R","","",18,0
2020,38513098,124527000,1,01-MAY-20,2,"N",16,5,26,"M",2,2,"R","","",26,0
2020,38513076,124520039,1,18-MAY-20,1,"N",51,5,25,"M",2,2,"R","","",25,0
2020,38517075,124520042,1,14-MAY-20,3,"N",27,5,25,"M",2,2,"R","","",25,0
2020,38517081,124520091,1,07-MAY-20,2,"N",16,5,19,"M",2,2,"R","","",19,0
2020,39336753,127190723,1,12-JUL-20,1,"N",51,5,34,"M",2,2,"R","","",34,0
2020,39336757,127190736,1,06-JUL-20,1,"N",56,5,23,"M",2,2,"R","","",23,0
2020,39336766,127194462,1,24-JUL-20,2,"N",5,5,51,"M",4,2,"R","","",51,0
2020,37979683,123059974,1,06-MAR-20,1,"N",16,5,39,"M",2,2,"N","","",39,0
2020,37979684,123059975,1,06-MAR-20,1,"N",16,5,31,"M",1,2,"N","","",31,0
2020,37979685,123059976,1,07-MAR-20,2,"N",16,5,23,"M",2,2,"N","","",23,0
2020,37979686,123059979,1,06-MAR-20,2,"N",16,5,26,"M",1,2,"N","","",26,0
2020,37972033,123059982,1,24-FEB-20,1,"N",51,5,26,"M",2,2,"N","","",26,0
2020,37979690,123059984,1,06-MAR-20,2,"N",16,5,39,"M",2,2,"R","","",39,0
2020,37979691,123059985,1,06-MAR-20,2,"N",16,5,52,"M",2,2,"R","","",52,0
2020,37979692,123059988,1,06-MAR-20,2,"N",16,5,52,"F",2,2,"R","","",52,0
2020,36682720,120074033,1,27-JAN-20,1,"N",51,5,31,"M",2,2,"N","","",31,0
2020,36682795,120074207,1,11-JAN-20,1,"N",51,5,24,"M",2,2,"R","","",24,0
2020,36682796,120074209,1,13-JAN-20,1,"N",27,5,55,"M",2,2,"N","","",55,0
2020,36682807,120074245,1,15-JAN-20,3,"N",51,5,43,"F",2,3,"N","","",43,0
2020,36682808,120074250,1,09-JAN-20,2,"N",16,5,45,"M",2,2,"R","","",45,0
2020,36682809,120074251,1,08-JAN-20,2,"N",16,5,19,"M",2,2,"R","","",19,0
2020,36682810,120074252,1,08-JAN-20,2,"N",16,5,20,"M",2,2,"R","","",20,0
2020,36682811,120074253,1,07-JAN-20,1,"N",51,5,38,"M",2,2,"R","","",38,0
2020,36682812,120074254,1,08-JAN-20,1,"N",16,5,21,"M",2,2,"R","","",21,0
2020,36682813,120074256,1,08-JAN-20,2,"N",16,5,27,"F",2,2,"N","","",27,0
2020,36682815,120074260,2,07-JAN-20,1,"N",51,5,16,"F",2,2,"R","R","",16,0
2020,36682814,120074260,1,07-JAN-20,1,"N",51,5,15,"F",2,2,"R","R","",15,0
2020,36682816,120074261,1,04-JAN-20,1,"N",44,5,29,"M",2,2,"N","","",29,0
2020,36682817,120074262,1,07-JAN-20,1,"N",51,5,46,"M",2,2,"N","","",46,0
2020,36682818,120074263,1,05-JAN-20,1,"N",16,5,26,"M",1,3,"N","","",26,0
2020,36682819,120074264,1,04-JAN-20,1,"N",51,5,32,"F",2,2,"R","","",32,0
2020,36682820,120074265,1,03-JAN-20,1,"N",16,5,65,"M",2,2,"N","","",65,0
2020,36682821,120074267,1,20-JAN-20,3,"N",27,5,16,"M",2,2,"N","R","",16,0
2020,36682822,120074270,1,06-JAN-20,1,"N",51,5,35,"M",2,2,"N","","",35,0
2020,36682823,120074271,1,06-JAN-20,2,"N",5,5,32,"M",2,2,"R","","",32,0
2020,36682826,120074274,1,09-JAN-20,1,"N",51,5,15,"F",2,2,"R","R","",15,0
2020,36682827,120074276,1,04-JAN-20,1,"N",51,5,13,"F",2,2,"R","R","",13,0
2020,36682828,120074276,2,04-JAN-20,1,"N",51,5,17,"F",2,2,"R","R","",17,0
2020,36682830,120074280,1,03-JAN-20,3,"N",16,5,21,"M",2,2,"R","","",21,0
2020,36682831,120074282,1,01-JAN-20,2,"N",16,5,23,"M",2,3,"R","","",23,0
2020,39336733,127194380,1,23-JUL-20,1,"N",51,5,32,"F",1,1,"R","","",32,0
2020,36682769,120074134,1,20-JAN-20,2,"N",16,5,32,"M",2,2,"R","","",32,0
2020,36682771,120074143,1,17-JAN-20,2,"N",16,5,28,"M",2,2,"R","","",28,0
2020,36682772,120074145,1,17-JAN-20,2,"N",16,5,23,"M",2,2,"R","","",23,0
2020,36682773,120074153,1,15-JAN-20,1,"N",51,5,37,"M",2,2,"R","","",37,0
2020,36682774,120074154,1,10-JAN-20,1,"N",28,5,35,"M",2,2,"R","","",35,0
2020,36682775,120074159,1,18-JAN-20,2,"N",16,5,18,"F",2,2,"R","","",18,0
2020,36682797,120074212,1,13-JAN-20,2,"N",16,5,65,"M",2,2,"R","","",65,0
2020,36682798,120074214,1,13-JAN-20,2,"N",16,5,53,"M",2,2,"R","","",53,0
2020,36682799,120074220,1,12-JAN-20,2,"N",16,5,26,"M",2,2,"N","","",26,0
2020,36682800,120074221,1,09-JAN-20,1,"N",2,5,18,"F",2,2,"N","","",18,0
2020,36682801,120074222,1,08-JAN-20,1,"N",16,5,40,"M",2,2,"R","","",40,0
2020,36682802,120074224,1,10-JAN-20,1,"N",39,5,19,"M",2,2,"N","","",19,0
2020,36682803,120074226,1,12-JAN-20,1,"N",51,5,18,"M",2,2,"N","","",18,0
2020,36682804,120074231,1,12-JAN-20,1,"N",51,5,18,"M",2,2,"N","","",18,0
2020,36682805,120074234,1,11-JAN-20,1,"N",45,5,56,"M",2,2,"R","","",56,0
2020,36682806,120074240,1,09-JAN-20,1,"N",16,5,31,"M",2,2,"R","","",31,0
2020,36682824,120074272,1,06-JAN-20,1,"N",51,5,16,"M",2,2,"R","R","",16,0
2020,36682825,120074272,2,06-JAN-20,1,"N",51,5,16,"M",2,2,"R","R","",16,0
2020,36682829,120074277,1,03-JAN-20,1,"N",18,5,50,"F",1,3,"N","","",50,0
2020,36682832,120074283,1,05-JAN-20,2,"N",16,5,39,"M",2,2,"N","","",39,0
2020,36682833,120074284,1,03-JAN-20,2,"N",16,5,25,"M",2,2,"N","","",25,0
2020,36682705,120073976,1,27-JAN-20,1,"N",51,5,17,"F",2,2,"R","R","",17,0
2020,36682742,120074086,1,23-JAN-20,2,"N",16,5,21,"M",2,2,"R","","",21,0
2020,36682743,120074087,1,23-JAN-20,2,"N",16,5,41,"M",2,2,"N","","",41,0
2020,36682744,120074089,1,23-JAN-20,2,"N",16,5,23,"M",2,2,"N","","",23,0
2020,36682747,120074094,1,23-JAN-20,1,"N",16,5,61,"M",2,2,"R","","",61,0
2020,36682748,120074095,1,23-JAN-20,2,"N",16,5,26,"M",2,2,"N","","",26,0
2020,36682751,120074105,1,22-JAN-20,2,"N",16,5,29,"M",2,2,"R","","",29,0
2020,36682755,120074106,1,22-JAN-20,1,"N",16,5,60,"M",2,2,"R","","",60,0
2020,36679007,120074108,1,20-JAN-20,1,"N",27,5,27,"M",2,2,"R","","",27,0
2020,39336735,127190682,1,22-JUL-20,1,"N",5,5,31,"M",2,2,"R","","",31,0
2020,39623364,128083816,1,29-AUG-20,1,"N",39,5,16,"M",2,2,"R","H","",16,0
2020,39626229,128083821,1,26-AUG-20,1,"N",51,5,14,"F",2,2,"R","R","",14,0
2020,39623375,128083840,2,19-AUG-20,1,"N",51,5,31,"F",2,2,"R","","",31,0
2020,39623374,128083840,1,19-AUG-20,1,"N",51,5,41,"M",2,2,"N","","",41,0
2020,37238521,121551790,1,31-JAN-20,1,"N",51,5,29,"F",2,2,"R","","",29,0
2020,37238522,121551793,1,21-FEB-20,1,"N",16,5,31,"M",2,2,"R","","",31,0
2020,37238523,121551799,1,19-FEB-20,1,"N",51,5,54,"F",2,2,"R","","",54,0
2020,37238526,121551806,2,29-JAN-20,3,"N",40,5,21,"M",2,2,"N","","",21,0
2020,37238525,121551806,1,29-JAN-20,3,"N",40,5,15,"M",2,2,"N","R","",15,0
2020,37238527,121551810,1,31-JAN-20,3,"N",5,5,24,"F",2,2,"R","","",24,0
2020,37242446,121551785,1,31-JAN-20,1,"N",40,5,20,"M",2,2,"R","","",20,0
2020,37242447,121551785,2,31-JAN-20,1,"N",40,5,16,"M",2,2,"R","R","",16,0
2020,37242448,121551786,1,01-FEB-20,1,"N",51,5,55,"M",4,2,"N","","",55,0
2020,37238520,121551787,1,31-JAN-20,1,"N",51,5,37,"M",2,2,"R","","",37,0
2020,37238510,121551775,1,21-FEB-20,3,"C",51,5,29,"M",2,2,"R","","",29,0
2020,37238511,121551777,1,29-JAN-20,3,"M",44,5,39,"M",2,2,"R","","",39,0
2020,37238513,121551779,1,25-JAN-20,1,"N",51,5,25,"M",2,2,"N","","",25,0
2020,37238515,121551779,3,25-JAN-20,1,"N",51,5,22,"M",2,2,"R","","",22,0
2020,37238514,121551779,2,25-JAN-20,1,"N",51,5,22,"M",2,2,"N","","",22,0
2020,37238516,121551781,1,21-FEB-20,1,"N",51,5,17,"F",2,2,"N","H","",17,0
2020,37242443,121551782,1,31-JAN-20,1,"N",27,5,55,"F",2,2,"N","","",55,0
2020,37238517,121551783,1,20-FEB-20,1,"N",51,5,28,"M",2,2,"N","","",28,0
2020,37242504,121549553,1,06-FEB-20,2,"N",16,5,23,"M",2,2,"R","","",23,0
2020,37242505,121549554,1,07-FEB-20,1,"N",16,5,24,"M",2,2,"R","","",24,0
2020,37242506,121549555,1,10-FEB-20,1,"N",16,5,25,"M",2,2,"R","","",25,0
2020,37242507,121549556,1,07-FEB-20,1,"N",39,5,17,"M",2,2,"R","R","",17,0
2020,37242508,121549557,1,09-FEB-20,1,"N",51,5,11,"M",1,1,"R","R","",11,0
2020,37242509,121549558,1,09-FEB-20,1,"N",51,5,24,"M",2,2,"N","","",24,0
2020,37242510,121549563,1,08-FEB-20,1,"N",27,5,61,"F",2,2,"R","","",61,0
2020,37242511,121549567,1,07-FEB-20,2,"N",16,5,41,"M",2,2,"R","","",41,0
2020,37242512,121549568,1,07-FEB-20,2,"N",16,5,19,"M",2,2,"R","","",19,0
2020,37242513,121549569,1,05-FEB-20,1,"N",28,5,55,"M",2,2,"R","","",55,0
2020,37242514,121549570,1,08-FEB-20,3,"N",16,5,27,"M",2,2,"N","","",27,0
2020,37242515,121549571,1,07-FEB-20,3,"N",16,5,25,"F",2,2,"N","","",25,0
2020,37242516,121549572,1,08-FEB-20,1,"N",51,5,36,"F",1,1,"R","","",36,0
2020,37242517,121549574,1,06-FEB-20,1,"N",27,5,30,"M",2,2,"N","","",30,0
2020,37242518,121549575,1,06-FEB-20,1,"N",51,5,62,"F",2,2,"R","","",62,0
2020,37242519,121549577,1,04-FEB-20,1,"N",18,5,16,"M",2,1,"R","R","",16,0
2020,37242520,121549579,1,06-FEB-20,1,"N",16,5,28,"M",2,2,"N","","",28,0
2020,37242522,121549582,1,06-FEB-20,2,"N",16,5,27,"F",2,2,"R","","",27,0
2020,37242523,121549583,1,06-FEB-20,2,"N",16,5,25,"M",2,2,"R","","",25,0
2020,37242524,121549584,1,06-FEB-20,2,"N",16,5,34,"M",2,2,"N","","",34,0
2020,37242525,121549585,1,06-FEB-20,2,"N",16,5,24,"M",2,2,"R","","",24,0
2020,37242526,121549586,1,06-FEB-20,2,"N",16,5,35,"M",2,2,"R","","",35,0
2020,37242527,121549587,1,06-FEB-20,2,"N",16,5,29,"M",2,2,"R","","",29,0
2020,37242528,121549588,1,05-FEB-20,1,"N",16,4,,"M",2,3,"R","","",,
2020,37242529,121549589,1,02-FEB-20,1,"N",51,5,53,"F",2,2,"R","","",53,0
2020,37242530,121549593,1,04-FEB-20,1,"N",18,5,14,"M",2,2,"R","R","",14,0
2020,37242531,121549596,1,05-FEB-20,1,"N",51,5,14,"F",2,2,"N","H","",14,0
2020,37242532,121549597,1,05-FEB-20,2,"N",16,5,21,"M",2,2,"R","","",21,0
2020,37242533,121549598,1,04-FEB-20,2,"N",16,5,33,"M",2,2,"R","","",33,0
2020,37242534,121549599,1,05-FEB-20,2,"N",16,5,41,"M",2,2,"N","","",41,0
2020,37242535,121549600,1,05-FEB-20,1,"N",16,5,55,"M",2,2,"R","","",55,0
2020,37242536,121549600,2,05-FEB-20,1,"N",16,5,50,"F",2,2,"R","","",50,0
2020,37242537,121549600,3,05-FEB-20,1,"N",16,5,43,"M",2,2,"R","","",43,0
2020,37242538,121549603,1,04-FEB-20,1,"N",16,5,42,"M",2,2,"R","","",42,0
2020,37242539,121549610,1,04-FEB-20,1,"N",16,5,54,"M",2,2,"R","","",54,0
2020,37242540,121549611,1,04-FEB-20,1,"N",28,5,14,"M",2,2,"R","H","",14,0
2020,37242543,121549618,3,01-FEB-20,1,"N",40,5,16,"M",2,2,"R","R","",16,0
2020,37242544,121549618,4,01-FEB-20,1,"N",40,5,16,"M",2,2,"R","R","",16,0
2020,37242542,121549618,2,01-FEB-20,1,"N",40,5,16,"M",2,2,"R","R","",16,0
2020,37242541,121549618,1,01-FEB-20,1,"N",40,5,16,"M",2,2,"R","R","",16,0
2020,37242545,121549620,1,01-FEB-20,1,"N",16,5,22,"M",2,2,"R","","",22,0
2020,37242546,121549622,1,02-FEB-20,1,"N",18,5,15,"M",2,2,"N","H","",15,0
2020,36678975,120089626,1,30-JAN-20,3,"N",16,5,41,"M",2,2,"R","","",41,0
2020,36678989,120089680,1,29-JAN-20,1,"N",16,5,41,"M",2,2,"R","","",41,0
2020,36678991,120089684,2,29-JAN-20,1,"N",51,5,26,"F",2,2,"R","","",26,0
2020,36678990,120089684,1,29-JAN-20,1,"N",51,5,26,"F",2,2,"R","","",26,0
2020,36678992,120089687,1,28-JAN-20,2,"N",16,5,18,"F",2,2,"R","","",18,0
2020,38513074,124526954,1,26-MAY-20,2,"N",16,5,19,"M",2,2,"R","","",19,0
2020,38513086,124520069,1,30-APR-20,2,"N",16,5,34,"M",2,2,"N","","",34,0
2020,38513090,124520077,1,12-MAY-20,2,"N",16,5,29,"M",1,2,"R","","",29,0
2020,38513099,124520101,1,02-MAY-20,1,"N",36,5,24,"M",1,1,"R","","",24,0
2020,36678977,120089633,1,30-JAN-20,2,"N",16,5,26,"M",2,2,"R","","",26,0
2020,37979655,123059892,1,28-MAR-20,1,"N",56,5,36,"M",2,2,"R","","",36,0
2020,37979660,123068588,2,27-JAN-20,1,"N",27,5,16,"F",2,2,"N","H","",16,0
2020,37979659,123068588,1,27-JAN-20,1,"N",51,5,18,"F",1,1,"N","","",18,0
2020,36678978,120089635,1,30-JAN-20,2,"N",16,5,25,"M",2,2,"R","","",25,0
2020,36678980,120089644,1,29-JAN-20,2,"N",16,5,39,"M",2,2,"N","","",39,0
2020,36678987,120089671,1,28-JAN-20,2,"N",16,5,48,"M",2,2,"R","","",48,0
2020,37979678,123059962,2,28-FEB-20,1,"N",51,5,17,"F",2,3,"R","R","",17,0
2020,37979677,123059962,1,28-FEB-20,1,"N",51,5,19,"M",2,2,"R","","",19,0
2020,36678996,120089693,1,23-JAN-20,1,"N",16,5,25,"M",2,2,"R","","",25,0
2020,36678997,120089697,1,24-JAN-20,1,"N",51,5,21,"M",2,2,"N","","",21,0
2020,36678999,120089712,1,23-JAN-20,1,"N",51,5,18,"M",2,2,"N","","",18,0
2020,36679000,120089714,1,16-JAN-20,3,"N",21,5,14,"F",2,2,"R","R","",14,0
2020,36679003,120089718,1,23-JAN-20,2,"N",16,5,22,"M",2,2,"R","","",22,0
2020,36679006,120089732,1,19-JAN-20,1,"N",51,5,54,"F",2,2,"R","","",54,0
2020,36679009,120089738,2,21-JAN-20,1,"N",40,5,13,"F",2,2,"R","R","",13,0
2020,36679008,120089738,1,21-JAN-20,1,"N",40,5,14,"F",2,2,"R","R","",14,0
2020,36679010,120089739,1,21-JAN-20,1,"N",16,5,27,"M",2,2,"N","","",27,0
2020,36679011,120089742,1,21-JAN-20,2,"N",16,5,28,"F",2,2,"R","","",28,0
2020,36679012,120089743,1,21-JAN-20,2,"N",16,5,19,"F",2,2,"R","","",19,0
2020,36679013,120089746,1,29-JAN-20,3,"N",44,5,39,"M",1,3,"R","","",39,0
2020,36679014,120089747,1,21-JAN-20,2,"N",16,5,27,"M",2,2,"N","","",27,0
2020,36679015,120089748,1,17-JAN-20,1,"N",39,5,18,"M",1,1,"N","","",18,0
2020,36679016,120089749,1,20-JAN-20,1,"N",39,5,29,"M",2,2,"N","","",29,0
2020,37242497,121549542,1,11-FEB-20,1,"N",16,5,27,"M",2,2,"R","","",27,0
2020,37242498,121549544,1,07-FEB-20,1,"N",51,5,25,"F",2,2,"N","","",25,0
2020,37242499,121549545,1,01-FEB-20,3,"N",40,5,21,"M",2,2,"R","","",21,0
2020,37242500,121549546,1,11-FEB-20,2,"N",51,5,53,"M",2,2,"N","","",53,0
2020,37242501,121549549,1,10-FEB-20,3,"N",16,5,26,"M",2,2,"N","","",26,0
2020,37242502,121549550,1,09-FEB-20,1,"N",51,5,18,"F",2,2,"R","","",18,0
2020,37242503,121549551,1,10-FEB-20,1,"N",51,5,20,"F",2,2,"R","","",20,0
2020,37242452,121549457,1,20-FEB-20,1,"N",51,5,19,"F",2,2,"R","","",19,0
2020,37242454,121549460,1,31-JAN-20,2,"N",16,5,52,"M",2,2,"R","","",52,0
2020,37242455,121549462,1,20-FEB-20,2,"N",16,5,28,"M",2,2,"R","","",28,0
2020,37238524,121549463,1,20-FEB-20,1,"N",16,5,53,"M",2,2,"R","","",53,0
2020,37242456,121549465,1,20-FEB-20,1,"N",56,5,36,"M",2,2,"R","","",36,0
2020,37242457,121549466,1,19-FEB-20,1,"N",51,5,56,"M",2,2,"R","","",56,0
2020,37242458,121549472,1,18-FEB-20,1,"N",51,5,15,"F",2,2,"R","R","",15,0
2020,37242462,121549479,1,18-FEB-20,1,"N",39,5,37,"M",2,2,"R","","",37,0
2020,37242463,121549482,1,18-FEB-20,1,"N",16,5,32,"M",2,2,"R","","",32,0
2020,37242464,121549483,1,12-FEB-20,2,"N",16,5,27,"M",2,2,"R","","",27,0
2020,37242465,121549484,1,18-FEB-20,2,"N",16,5,24,"M",2,2,"R","","",24,0
2020,37242466,121549485,1,18-FEB-20,2,"N",16,5,36,"M",2,2,"R","","",36,0
2020,37242467,121549486,1,18-FEB-20,2,"N",16,5,24,"M",2,3,"R","","",24,0
2020,37242468,121549487,1,18-FEB-20,1,"N",16,5,52,"M",2,2,"R","","",52,0
2020,37242469,121549488,1,18-FEB-20,1,"N",56,5,30,"M",2,2,"R","","",30,0
2020,37242470,121549491,1,16-FEB-20,1,"N",40,5,16,"M",2,2,"N","R","",16,0
2020,37242471,121549493,1,15-FEB-20,1,"N",39,5,14,"M",2,2,"N","R","",14,0
2020,37242472,121549496,1,17-FEB-20,2,"N",16,5,25,"M",2,2,"R","","",25,0
2020,37242473,121549498,1,14-FEB-20,2,"N",16,5,42,"M",2,2,"N","","",42,0
2020,37242474,121549499,1,14-FEB-20,2,"N",16,5,43,"M",2,2,"R","","",43,0
2020,37242475,121549500,1,13-FEB-20,1,"N",51,5,30,"M",2,2,"R","","",30,0
2020,37242476,121549502,1,07-FEB-20,2,"N",16,5,23,"M",2,2,"N","","",23,0
2020,37242477,121549503,1,12-FEB-20,1,"N",16,5,25,"M",2,2,"N","","",25,0
2020,37242478,121549504,1,17-FEB-20,2,"N",16,5,36,"M",2,2,"R","","",36,0
2020,37238512,121549440,1,16-JAN-20,1,"N",51,5,29,"M",2,2,"R","","",29,0
2020,37242440,121549442,1,22-FEB-20,1,"N",16,5,23,"F",2,2,"N","","",23,0
2020,37242441,121549443,1,22-FEB-20,2,"N",16,5,28,"M",2,2,"R","","",28,0
2020,37242442,121549444,1,31-JAN-20,1,"N",51,5,24,"F",2,2,"N","","",24,0
2020,37242444,121549445,1,22-JAN-20,1,"N",39,5,15,"M",1,1,"R","R","",15,0
2020,37242445,121549446,1,24-JAN-20,1,"N",16,5,30,"M",1,1,"N","","",30,0
2020,37242449,121549450,1,31-JAN-20,1,"N",51,5,38,"F",2,2,"R","","",38,0
2020,37242450,121549452,1,20-FEB-20,1,"N",27,5,38,"F",2,2,"R","","",38,0
2020,37242451,121549456,1,21-FEB-20,1,"N",18,5,16,"M",2,2,"R","R","",16,0
2020,37242479,121549505,1,16-FEB-20,2,"N",16,5,24,"M",2,2,"R","","",24,0
2020,37242480,121549506,1,16-FEB-20,2,"N",16,5,22,"M",1,1,"R","","",22,0
2020,37242481,121549509,1,13-FEB-20,1,"N",45,5,20,"M",2,2,"R","","",20,0
2020,37242482,121549515,1,17-FEB-20,1,"N",51,5,15,"M",2,2,"N","R","",15,0
2020,37242483,121549516,1,17-FEB-20,1,"N",16,5,26,"M",2,1,"N","","",26,0
2020,37242486,121549522,1,12-FEB-20,1,"N",13,5,15,"F",2,2,"R","R","",15,0
2020,37242487,121549523,1,13-FEB-20,1,"N",28,5,21,"M",2,2,"R","","",21,0
2020,37242488,121549524,1,13-FEB-20,2,"N",16,5,57,"M",2,2,"R","","",57,0
2020,37242489,121549527,1,06-FEB-20,1,"N",51,5,13,"M",2,2,"R","R","",13,0
2020,37242490,121549530,1,12-FEB-20,2,"N",16,5,30,"F",2,2,"R","","",30,0
2020,37242491,121549533,1,12-FEB-20,1,"N",51,5,28,"M",2,2,"R","","",28,0
2020,37242492,121549535,1,11-FEB-20,2,"N",16,5,27,"M",1,2,"N","","",27,0
2020,37242493,121549536,1,11-FEB-20,2,"N",16,5,26,"M",2,2,"N","","",26,0
2020,37242494,121549537,1,11-FEB-20,2,"N",16,5,28,"M",2,2,"R","","",28,0
2020,37242495,121549538,1,11-FEB-20,2,"N",16,5,20,"M",2,2,"N","","",20,0
2020,37242496,121549539,1,11-FEB-20,2,"N",16,5,23,"M",2,2,"R","","",23,0
2020,38513107,124520115,2,29-APR-20,1,"N",51,5,16,"M",2,2,"R","R","",16,0
2020,38517088,124520115,1,29-APR-20,1,"N",51,5,16,"F",2,2,"R","R","",16,0
2020,39336750,127190719,1,11-JUL-20,1,"N",5,5,43,"M",2,2,"R","","",43,0
2020,39332197,127194364,1,28-JUL-20,1,"N",51,5,19,"M",2,2,"R","","",19,0
2020,39332206,127190680,1,23-JUL-20,1,"N",27,5,40,"F",2,2,"R","","",40,0
2020,39336760,127190746,1,27-JUN-20,1,"N",51,5,24,"M",2,2,"N","","",24,0
2020,39336745,127190711,1,13-JUL-20,1,"N",51,5,35,"M",2,2,"R","","",35,0
2020,39336746,127190711,2,13-JUL-20,1,"N",51,5,40,"M",2,2,"R","","",40,0
2020,39336748,127190718,1,21-MAY-20,2,"N",16,5,29,"M",2,2,"R","","",29,0
2020,39626230,128083826,1,25-AUG-20,1,"N",51,5,49,"M",2,2,"R","","",49,0
2020,39623388,128083855,1,06-AUG-20,2,"N",45,5,46,"M",2,2,"N","","",46,0
2020,37971965,123059889,1,25-MAR-20,2,"N",51,5,68,"M",1,3,"N","","",68,0
2020,37971966,123059889,2,25-MAR-20,2,"N",51,5,46,"M",1,2,"N","","",46,0
2020,37242423,121549385,1,15-JAN-20,1,"N",16,5,50,"M",2,2,"R","","",50,0
2020,37242425,121549388,1,17-FEB-20,3,"N",45,5,16,"M",2,2,"N","R","",16,0
2020,37242426,121549392,1,24-FEB-20,1,"N",18,5,14,"M",2,2,"N","R","",14,0
2020,37242427,121549397,1,26-FEB-20,2,"N",16,5,20,"M",2,2,"R","","",20,0
2020,37242412,121549362,1,26-FEB-20,1,"N",16,5,60,"M",2,2,"R","","",60,0
2020,37238490,121551730,1,26-FEB-20,1,"N",39,5,21,"M",2,2,"R","","",21,0
2020,39623369,128079863,1,21-AUG-20,1,"N",16,5,59,"M",2,2,"R","","",59,0
2020,39626235,128083838,2,15-AUG-20,1,"N",16,5,25,"M",2,2,"N","","",25,0
2020,39623371,128083838,1,15-AUG-20,1,"N",16,5,25,"M",2,2,"N","","",25,0
2020,39623373,128079870,1,18-AUG-20,1,"N",5,5,63,"M",2,2,"R","","",63,0
2020,37242421,121549379,1,26-FEB-20,2,"N",16,5,21,"M",2,2,"R","","",21,0
2020,37242422,121549383,1,25-FEB-20,1,"N",16,5,53,"M",2,2,"N","","",53,0
2020,37242424,121549386,1,25-FEB-20,2,"N",16,5,37,"M",2,2,"N","","",37,0
2020,37242430,121549413,1,25-FEB-20,2,"N",16,5,44,"M",2,2,"R","","",44,0
2020,37242432,121549415,1,22-FEB-20,1,"N",40,5,23,"F",2,2,"R","","",23,0
2020,37238505,121549416,1,25-FEB-20,1,"N",51,5,39,"F",2,2,"R","","",39,0
2020,37242433,121549418,1,21-FEB-20,1,"N",51,5,24,"M",2,2,"R","","",24,0
2020,37242434,121549419,1,30-JAN-20,1,"N",51,5,14,"F",2,2,"R","R","",14,0
2020,39623397,128079945,1,08-AUG-20,1,"N",45,5,59,"F",2,2,"N","","",59,0
2020,39623400,128079949,1,06-AUG-20,1,"N",27,5,24,"M",2,2,"R","","",24,0
2020,37242435,121549433,1,31-JAN-20,2,"N",16,5,22,"M",2,2,"N","","",22,0
2020,37242436,121549436,1,21-FEB-20,1,"N",16,5,43,"M",2,2,"R","","",43,0
2020,37242437,121549437,1,21-FEB-20,2,"N",16,5,28,"M",2,2,"R","","",28,0
2020,37242438,121549438,1,12-FEB-20,3,"N",56,5,25,"M",2,2,"R","","",25,0
2020,37242439,121549439,1,24-FEB-20,1,"N",51,5,23,"M",2,2,"N","","",23,0
2020,37242408,121535886,1,27-FEB-20,2,"N",16,5,45,"F",2,2,"R","","",45,0
2020,37971979,123068596,1,27-FEB-20,2,"N",51,5,34,"F",2,2,"N","","",34,0
2020,37979661,123068597,1,26-MAR-20,1,"N",51,5,25,"M",2,2,"N","","",25,0
2020,37971980,123068600,1,19-FEB-20,3,"N",40,5,15,"M",2,2,"R","R","",15,0
2020,37971981,123068600,2,19-FEB-20,3,"N",40,5,15,"M",2,3,"R","R","",15,0
2020,37971982,123068600,3,20-FEB-20,3,"N",40,5,13,"M",2,2,"R","H","",13,0
2020,37979662,123068600,4,25-FEB-20,3,"N",40,5,15,"M",2,2,"R","R","",15,0
2020,37971983,123068611,1,31-JAN-20,2,"N",16,5,28,"M",1,1,"R","","",28,0
2020,37971984,123068612,1,20-MAR-20,1,"N",51,5,18,"F",2,2,"N","","",18,0
2020,37971985,123068612,2,20-MAR-20,1,"N",51,5,20,"M",2,2,"N","","",20,0
2020,37971987,123068615,1,20-MAR-20,1,"N",27,5,26,"M",2,2,"R","","",26,0
2020,37971989,123068619,1,21-MAR-20,3,"N",51,5,41,"M",2,3,"R","","",41,0
2020,37971990,123068621,1,04-MAR-20,3,"N",40,5,16,"M",2,2,"N","R","",16,0
2020,37971991,123068621,2,04-MAR-20,3,"N",40,5,16,"M",2,2,"N","R","",16,0
2020,37971992,123068622,1,20-MAR-20,1,"N",51,5,37,"F",2,2,"R","","",37,0
2020,37971994,123068630,1,21-MAR-20,3,"N",39,5,47,"M",2,2,"R","","",47,0
2020,37971995,123068631,1,11-MAR-20,3,"N",51,5,46,"M",2,2,"R","","",46,0
2020,37971996,123068635,1,22-MAR-20,1,"N",45,5,37,"M",1,2,"R","","",37,0
2020,37972000,123068637,1,20-MAR-20,1,"N",51,5,42,"M",2,2,"R","","",42,0
2020,37972001,123068639,1,14-MAR-20,2,"N",16,5,20,"M",2,2,"R","","",20,0
2020,37972002,123068644,1,19-MAR-20,1,"N",51,5,67,"F",2,2,"R","","",67,0
2020,37972003,123068649,1,08-FEB-20,3,"N",51,5,44,"M",2,2,"N","","",44,0
2020,37972004,123068651,1,26-FEB-20,1,"N",14,5,18,"M",2,2,"R","","",18,0
2020,37972005,123068651,2,26-FEB-20,1,"N",14,5,18,"M",2,2,"R","","",18,0
2020,37972007,123068659,1,10-MAR-20,1,"N",51,5,25,"M",2,2,"N","","",25,0
2020,37972008,123068665,1,16-MAR-20,3,"N",39,5,27,"M",2,2,"R","","",27,0
2020,37972009,123068668,1,26-MAR-20,3,"N",40,5,15,"M",2,2,"R","R","",15,0
2020,37972010,123068672,1,12-MAR-20,2,"N",16,5,26,"M",1,2,"N","","",26,0
2020,37972011,123068674,1,13-MAR-20,2,"N",16,5,38,"M",2,2,"N","","",38,0
2020,37972012,123068677,1,13-MAR-20,1,"N",51,5,20,"M",2,2,"R","","",20,0
2020,37972013,123068684,1,14-MAR-20,2,"N",16,5,28,"M",1,2,"R","","",28,0
2020,37972014,123068685,1,14-MAR-20,2,"N",16,5,24,"M",1,2,"R","","",24,0
2020,37972015,123068689,1,13-MAR-20,1,"N",51,5,21,"M",2,2,"R","","",21,0
2020,37972016,123068699,1,12-MAR-20,1,"N",16,5,41,"M",2,2,"R","","",41,0
2020,37972017,123068700,1,01-MAR-20,1,"N",51,5,35,"M",2,2,"N","","",35,0
2020,37972018,123068702,1,22-FEB-20,1,"N",51,5,15,"F",2,2,"R","R","",15,0
2020,37972019,123068703,1,12-MAR-20,1,"N",51,5,26,"M",2,2,"R","","",26,0
2020,37972020,123068704,1,05-MAR-20,2,"N",45,5,20,"M",1,1,"R","","",20,0
2020,37972021,123068705,1,27-FEB-20,1,"N",51,5,34,"M",2,2,"N","","",34,0
2020,37972023,123068712,2,29-FEB-20,1,"N",40,5,13,"M",2,3,"R","H","",13,0
2020,37972024,123068712,3,29-FEB-20,1,"N",40,5,13,"M",2,3,"R","H","",13,0
2020,37972022,123068712,1,29-FEB-20,1,"N",40,5,14,"M",2,2,"N","H","",14,0
2020,37979679,123068713,1,25-FEB-20,1,"N",16,5,50,"M",2,2,"N","","",50,0
2020,37979680,123068714,1,11-MAR-20,1,"N",16,5,45,"M",2,2,"R","","",45,0
2020,37972025,123068719,1,28-FEB-20,2,"N",16,5,21,"F",2,3,"N","","",21,0
2020,37972027,123068721,1,13-MAR-20,3,"N",51,5,13,"M",2,2,"R","R","",13,0
2020,37972028,123068724,1,05-MAR-20,1,"N",40,5,13,"M",2,1,"R","R","",13,0
2020,37972029,123068727,1,09-MAR-20,1,"N",51,5,56,"M",2,2,"N","","",56,0
2020,37972030,123068728,1,09-MAR-20,1,"N",16,5,45,"M",2,2,"R","","",45,0
2020,37972031,123068738,1,08-MAR-20,2,"N",16,5,33,"M",2,2,"N","","",33,0
2020,37972032,123068739,1,27-FEB-20,2,"N",16,5,40,"M",2,2,"N","","",40,0
2020,37979688,123068744,2,29-FEB-20,1,"N",40,5,16,"M",2,2,"R","R","",16,0
2020,37979687,123068744,1,29-FEB-20,1,"N",40,5,15,"M",2,2,"R","R","",15,0
2020,37979689,123059983,1,28-FEB-20,1,"N",51,5,37,"M",2,2,"N","","",37,0
2020,37972034,123068746,1,28-FEB-20,1,"N",51,5,22,"M",2,2,"R","","",22,0
2020,37972035,123068746,2,28-FEB-20,1,"N",51,5,19,"F",2,2,"R","","",19,0
2020,37972036,123068748,1,07-MAR-20,1,"N",51,5,42,"M",2,2,"R","","",42,0
2020,37972040,123068749,4,07-MAR-20,1,"N",40,5,25,"M",2,2,"R","","",25,0
2020,37972038,123068749,2,07-MAR-20,1,"N",40,5,27,"M",2,2,"R","","",27,0
2020,37972037,123068749,1,07-MAR-20,1,"N",40,5,17,"F",2,2,"R","R","",17,0
2020,37972039,123068749,3,07-MAR-20,1,"N",40,5,18,"F",2,2,"N","","",18,0
2020,37972041,123068758,1,04-MAR-20,1,"N",51,5,15,"M",2,2,"R","R","",15,0
2020,37972043,123068760,1,04-MAR-20,1,"N",51,5,36,"M",2,2,"U","","",36,0
2020,37972044,123068765,1,05-MAR-20,2,"N",16,5,65,"M",2,2,"N","","",65,0
2020,37979696,123068771,1,04-MAR-20,2,"N",16,5,30,"M",2,2,"R","","",30,0
2020,37972046,123068773,1,04-MAR-20,2,"N",16,5,19,"M",2,2,"N","","",19,0
2020,37972047,123068776,1,04-MAR-20,1,"N",16,5,31,"M",1,2,"R","","",31,0
2020,37972048,123068781,1,03-MAR-20,2,"N",16,5,30,"M",2,2,"N","","",30,0
2020,37972049,123068782,1,03-MAR-20,2,"N",16,5,39,"M",2,2,"N","","",39,0
2020,37972050,123068783,1,03-MAR-20,2,"N",16,5,25,"M",2,2,"R","","",25,0
2020,37972051,123068784,1,03-MAR-20,2,"N",16,5,20,"M",2,2,"N","","",20,0
2020,37972052,123068785,1,03-MAR-20,1,"N",16,5,71,"M",2,2,"N","","",71,0
2020,37972053,123068786,1,03-MAR-20,1,"N",51,5,16,"F",2,2,"R","H","",16,0
2020,37972054,123068794,1,01-MAR-20,1,"N",51,5,23,"M",1,1,"R","","",23,0
2020,37979657,123059895,1,29-MAR-20,2,"N",5,5,64,"F",1,2,"R","","",64,0
2020,37971978,123068593,1,26-MAR-20,2,"N",44,5,40,"M",1,2,"N","","",40,0
2020,39626258,128079955,1,06-AUG-20,3,"N",40,5,16,"M",2,2,"N","R","",16,0
2020,37979666,123059912,1,19-MAR-20,1,"N",16,5,17,"M",2,2,"R","R","",17,0
2020,37979667,123059915,1,19-MAR-20,1,"N",51,5,25,"M",2,2,"R","","",25,0
2020,37972006,123059918,1,18-MAR-20,1,"N",27,5,19,"M",2,2,"R","","",19,0
2020,37979668,123059922,1,21-FEB-20,3,"N",44,5,29,"M",2,2,"N","","",29,0
2020,37979669,123059923,1,28-FEB-20,3,"N",5,5,62,"M",2,2,"R","","",62,0
2020,37979670,123059925,1,13-MAR-20,1,"N",51,5,30,"M",2,2,"R","","",30,0
2020,37979671,123059926,1,06-FEB-20,2,"N",16,5,26,"M",2,2,"N","","",26,0
2020,37979673,123059933,2,14-MAR-20,1,"N",51,5,22,"M",2,2,"R","","",22,0
2020,37979672,123059933,1,14-MAR-20,1,"N",51,5,20,"F",2,2,"R","","",20,0
2020,37979674,123059946,1,13-MAR-20,1,"N",40,5,14,"F",2,2,"N","R","",14,0
2020,37979675,123059954,1,10-MAR-20,1,"N",51,5,37,"M",1,2,"N","","",37,0
2020,37979676,123059957,1,27-FEB-20,1,"N",51,5,54,"M",2,2,"R","","",54,0
2020,37979693,123059990,1,06-MAR-20,2,"N",16,5,39,"F",2,2,"N","","",39,0
2020,37979694,123059995,1,24-FEB-20,1,"N",51,5,32,"M",2,2,"R","","",32,0
2020,37979695,123059996,1,21-FEB-20,1,"C",51,5,19,"F",2,2,"R","","",19,0
2020,37972042,123059997,1,05-MAR-20,1,"N",16,5,28,"M",2,2,"N","","",28,0
2020,37972045,123068769,1,04-MAR-20,2,"N",5,5,23,"M",2,2,"R","","",23,0
2020,37979697,123060008,1,15-FEB-20,3,"N",40,5,15,"F",2,2,"R","R","",15,0
2020,37979698,123060008,2,15-FEB-20,3,"N",40,5,14,"M",2,2,"N","R","",14,0
2020,38513081,124526972,1,15-MAY-20,1,"N",5,5,41,"M",2,2,"N","","",41,0
2020,38517087,124527006,1,01-MAY-20,2,"N",16,5,19,"M",2,2,"R","","",19,0
2020,38779526,125412408,1,18-JUN-20,1,"N",39,5,33,"M",2,2,"R","","",33,0
2020,38757276,125412421,1,12-JUN-20,1,"N",45,5,26,"M",2,2,"N","","",26,0
2020,38779521,125412386,1,19-JUN-20,1,"N",51,5,22,"M",2,2,"R","","",22,0
2020,38779524,125412406,1,19-JUN-20,1,"N",51,5,30,"M",2,2,"R","","",30,0
2020,38757288,125431221,1,04-JUN-20,1,"N",51,5,44,"M",2,2,"N","","",44,0
2020,38779547,125412482,1,29-MAY-20,1,"N",51,5,28,"M",2,2,"R","","",28,0
2020,38757269,125412400,1,23-JUN-20,1,"N",51,5,54,"F",2,2,"R","","",54,0
2020,38757274,125431183,1,17-JUN-20,1,"N",18,5,22,"M",2,2,"R","","",22,0
2020,38757293,125412480,1,02-JUN-20,1,"N",27,5,14,"M",2,2,"R","R","",14,0
2020,38779523,125431154,1,23-JUN-20,1,"N",51,5,28,"F",2,2,"U","","",28,0
2020,38757265,125431158,1,18-JUN-20,2,"N",16,5,33,"M",2,2,"R","","",33,0
2020,38779525,125412409,1,13-JUN-20,3,"N",40,5,20,"M",2,2,"N","","",20,0
2020,38757270,125412411,1,21-JUN-20,1,"N",40,5,18,"F",2,2,"N","","",18,0
2020,38779528,125431181,1,18-JUN-20,1,"N",51,5,12,"M",2,2,"R","H","",12,0
2020,38779531,125431181,3,18-JUN-20,1,"N",51,5,13,"F",2,2,"N","H","",13,0
2020,38757273,125431181,2,18-JUN-20,1,"N",51,5,13,"M",2,2,"R","H","",13,0
2020,38779533,125412417,1,17-JUN-20,2,"N",16,5,30,"M",2,2,"R","","",30,0
2020,38779534,125412418,1,16-JUN-20,2,"N",51,5,37,"F",2,2,"N","","",37,0
2020,38757278,125431188,1,03-JUN-20,1,"N",39,5,20,"M",2,2,"N","","",20,0
2020,38757280,125412422,1,16-JUN-20,1,"N",27,5,25,"M",2,2,"R","","",25,0
2020,38779538,125412440,1,11-JUN-20,3,"N",5,5,48,"M",2,2,"R","","",48,0
2020,38779540,125431204,1,07-JUN-20,1,"N",51,5,44,"F",2,2,"N","","",44,0
2020,38757285,125412453,1,08-JUN-20,1,"N",51,5,26,"M",2,2,"R","","",26,0
2020,38779548,125431243,1,31-MAY-20,1,"N",51,5,27,"M",2,2,"N","","",27,0
2020,38757296,125412493,1,19-MAY-20,1,"N",51,5,23,"M",2,2,"R","","",23,0
2020,38757297,125412493,2,19-MAY-20,1,"N",51,5,21,"F",2,2,"R","","",21,0
2020,38779550,125412495,1,28-MAY-20,3,"N",51,5,34,"M",2,2,"N","","",34,0
2020,39623366,128079838,1,27-AUG-20,3,"N",35,5,45,"M",2,2,"R","","",45,0
2020,39626256,128083875,1,05-AUG-20,1,"N",51,5,27,"F",2,2,"R","","",27,0
2020,39626257,128079953,1,05-AUG-20,3,"N",45,5,38,"M",2,2,"R","","",38,0
2020,39623405,128079963,1,02-AUG-20,1,"N",16,5,34,"M",2,2,"R","","",34,0
2020,38779532,125431179,1,12-JUN-20,1,"N",51,5,68,"M",2,2,"R","","",68,0
2020,38779542,125431208,1,09-JUN-20,1,"N",39,5,21,"M",2,2,"N","","",21,0
2020,38757287,125412456,1,08-JUN-20,1,"N",5,5,35,"M",2,2,"R","","",35,0
2020,38757295,125412489,1,25-MAY-20,1,"N",51,5,27,"M",2,2,"R","","",27,0
2020,38513084,124526977,1,12-MAY-20,1,"N",40,5,28,"M",2,3,"R","","",28,0
2020,38757267,125412396,1,24-JUN-20,2,"N",16,5,27,"M",2,2,"N","","",27,0
2020,38779529,125431177,1,23-JUN-20,2,"N",18,5,20,"M",2,3,"R","","",20,0
2020,38779551,125431246,1,31-MAY-20,1,"N",56,5,25,"M",2,2,"R","","",25,0
2020,39626237,128083836,1,18-AUG-20,1,"N",27,5,19,"F",2,2,"N","","",19,0
2020,39623386,128079906,1,13-AUG-20,1,"N",51,5,23,"M",2,2,"N","","",23,0
2020,38513089,124520074,1,12-MAY-20,2,"N",2,5,34,"F",2,2,"N","","",34,0
2020,38517078,124526978,1,12-MAY-20,1,"N",27,5,22,"M",2,2,"R","","",22,0
2020,38513087,124526980,1,11-MAY-20,1,"N",51,5,19,"M",2,2,"R","","",19,0
2020,38517082,124526996,1,01-MAY-20,1,"N",40,5,59,"M",2,2,"R","","",59,0
2020,38513102,124527010,1,30-APR-20,2,"N",16,5,28,"M",2,2,"R","","",28,0
2020,38517089,124520118,1,01-MAY-20,3,"N",51,5,24,"M",2,2,"R","","",24,0
2020,38517074,124520037,1,07-MAY-20,1,"N",32,5,23,"M",2,1,"N","","",23,0
2020,38517076,124520053,1,16-MAY-20,2,"N",16,5,28,"M",2,2,"N","","",28,0
2020,38517086,124527002,1,03-MAY-20,3,"N",39,5,44,"M",2,2,"R","","",44,0
2020,38513093,124520089,1,06-MAY-20,1,"N",51,5,58,"M",2,2,"R","","",58,0
2020,38513105,124520114,1,30-APR-20,2,"N",16,5,29,"M",2,2,"R","","",29,0
2020,38513077,124520045,1,28-APR-20,3,"N",27,5,18,"M",2,2,"R","","",18,0
2020,38517079,124526983,1,10-MAY-20,1,"N",51,5,33,"F",2,2,"R","","",33,0
2020,39336739,127190696,1,14-JUL-20,3,"N",5,5,30,"M",2,2,"R","","",30,0
2020,39336740,127190699,1,05-JUL-20,1,"N",36,5,27,"M",1,1,"R","","",27,0
2020,39336747,127190712,1,09-JUN-20,2,"N",16,5,24,"M",2,2,"R","","",24,0
2020,39336755,127190725,1,09-JUL-20,1,"N",56,5,29,"M",2,2,"R","","",29,0
2020,39336765,127190756,1,30-JUN-20,2,"N",16,5,27,"F",2,2,"R","","",27,0
2020,39332235,127190759,1,14-JUL-20,1,"N",51,5,32,"M",2,2,"N","","",32,0
2020,39626255,128083872,1,04-AUG-20,3,"N",27,5,44,"M",2,2,"N","","",44,0
2020,39332229,127190737,1,06-JUL-20,1,"N",56,5,23,"M",2,2,"R","","",23,0
2020,39336758,127190740,1,03-JUL-20,1,"N",48,5,61,"M",2,2,"R","","",61,0
2020,38513085,124520065,1,13-MAY-20,1,"N",27,5,21,"M",2,2,"R","","",21,0
2020,38517085,124527009,1,28-APR-20,1,"N",40,5,18,"M",2,2,"R","","",18,0
2020,39332205,127190676,1,21-JUL-20,3,"N",35,5,44,"M",2,3,"N","","",44,0
2020,39332209,127194389,1,18-JUL-20,3,"N",51,5,15,"M",2,2,"R","R","",15,0
2020,39336763,127190751,1,24-JUN-20,1,"N",51,5,22,"M",2,2,"R","","",22,0
2020,39623387,128079909,1,14-AUG-20,2,"N",16,5,27,"M",2,2,"N","","",27,0
2020,38517073,124520031,1,14-MAY-20,3,"N",51,5,20,"M",2,2,"R","","",20,0
2020,38513095,124526991,1,06-MAY-20,1,"N",51,5,18,"M",2,2,"R","","",18,0
2020,38513096,124520100,1,01-MAY-20,1,"N",40,5,16,"M",1,1,"R","R","",16,0
2020,38517070,124526947,1,26-MAY-20,1,"N",27,5,27,"M",2,2,"N","","",27,0
2020,38517084,124520106,1,04-MAY-20,2,"N",16,5,25,"F",2,2,"R","","",25,0
2020,38513082,124526975,1,09-MAY-20,1,"N",7,5,49,"F",1,2,"R","","",49,0
2020,38513097,124526998,1,06-MAY-20,2,"N",16,5,37,"M",2,2,"N","","",37,0
2020,38513100,124527003,1,06-MAY-20,3,"N",51,5,27,"F",2,2,"R","","",27,0
2020,38513106,124527015,1,30-APR-20,1,"N",39,5,28,"M",2,2,"R","","",28,0
2020,39336749,127190720,1,02-JUN-20,2,"N",16,5,32,"M",2,2,"N","","",32,0
2020,39626248,128079911,1,31-JUL-20,3,"N",27,5,31,"M",2,2,"N","","",31,0
2020,39623408,128079977,1,29-JUL-20,3,"N",5,5,43,"M",2,2,"R","","",43,0
2020,39336729,127190668,1,24-JUL-20,1,"N",45,5,50,"M",2,2,"R","","",50,0
2020,39336731,127190672,1,25-JUL-20,1,"N",5,5,32,"M",2,2,"R","","",32,0
2020,39336732,127190677,1,18-JUL-20,2,"N",16,5,35,"M",2,2,"N","","",35,0
2020,39336738,127190693,1,02-JUL-20,3,"N",18,5,13,"M",2,2,"R","R","",13,0
2020,39336742,127190701,1,14-JUL-20,1,"N",27,5,21,"M",2,2,"N","","",21,0
2020,39336752,127190722,1,09-JUL-20,1,"N",51,5,31,"M",2,2,"R","","",31,0
2020,39332232,127190752,1,30-JUN-20,1,"N",5,5,32,"M",2,2,"R","","",32,0
2020,39336764,127190755,1,29-JUN-20,1,"N",40,5,33,"M",2,2,"R","","",33,0
2020,38517071,124526953,1,25-MAY-20,1,"N",51,5,21,"F",2,2,"R","","",21,0
2020,38513091,124520084,1,10-MAY-20,1,"N",44,5,30,"M",2,2,"R","","",30,0
2020,38513092,124526986,1,12-MAY-20,3,"N",40,5,19,"F",2,2,"R","","",19,0
2020,38517080,124526986,2,15-MAY-20,3,"N",40,5,18,"F",2,2,"R","","",18,0
2020,38513080,124520054,1,11-MAY-20,3,"N",27,5,52,"F",2,3,"N","","",52,0
2020,38513073,124526949,1,26-MAY-20,1,"N",35,5,47,"F",2,2,"N","","",47,0
2020,38513103,124527012,1,29-APR-20,1,"N",39,5,38,"M",2,2,"R","","",38,0
2020,38513094,124520093,1,07-MAY-20,2,"N",16,5,29,"M",2,2,"R","","",29,0
2020,38513088,124526981,1,11-MAY-20,1,"N",27,5,37,"M",2,2,"N","","",37,0
2020,38757264,125412382,1,21-JUN-20,1,"N",27,5,38,"M",2,2,"R","","",38,0
2020,38757268,125412401,1,23-JUN-20,3,"N",5,5,25,"M",1,1,"N","","",25,0
2020,38757271,125431180,1,06-JUN-20,3,"N",40,5,26,"M",2,2,"R","","",26,0
2020,38757289,125431220,1,06-JUN-20,1,"N",5,5,57,"M",2,2,"R","","",57,0
2020,38757291,125431227,1,05-JUN-20,1,"N",51,5,33,"M",2,3,"R","","",33,0
2020,38757294,125431239,1,01-JUN-20,1,"N",51,5,26,"M",2,2,"R","","",26,0
2020,38779549,125412491,1,28-MAY-20,1,"N",51,5,23,"F",2,2,"R","","",23,0
2020,40734552,131721275,1,03-NOV-20,1,"N",51,5,39,"M",2,2,"R","","",39,0
2020,38779527,125431174,1,21-JUN-20,2,"N",16,5,27,"M",1,1,"R","","",27,0
2020,38779554,125431250,1,30-MAY-20,2,"N",16,5,39,"F",2,2,"R","","",39,0
2020,39964509,129241117,1,28-SEP-20,1,"N",56,5,24,"M",2,2,"R","","",24,0
2020,39969529,129228955,1,04-SEP-20,1,"N",5,5,22,"M",2,2,"R","","",22,0
2020,39964531,129241182,1,31-AUG-20,1,"N",45,5,56,"M",2,2,"N","","",56,0
2020,38779555,125431257,1,29-MAY-20,3,"N",51,5,47,"M",2,2,"R","","",47,0
2020,39623372,128079869,2,12-AUG-20,1,"N",27,5,26,"M",2,2,"R","","",26,0
2020,39626234,128079869,1,12-AUG-20,1,"N",27,5,37,"M",2,2,"R","","",37,0
2020,39623377,128079893,3,16-AUG-20,1,"N",51,5,11,"M",2,2,"N","H","",11,0
2020,39626241,128079893,4,16-AUG-20,1,"N",51,5,14,"F",2,2,"N","H","",14,0
2020,39623376,128079893,2,16-AUG-20,1,"N",45,5,15,"M",2,2,"N","H","",15,0
2020,39626242,128079893,5,16-AUG-20,1,"N",51,5,19,"M",2,2,"N","","",19,0
2020,39626240,128079893,1,16-AUG-20,1,"N",51,5,13,"F",2,2,"N","H","",13,0
2020,39626252,128083862,1,05-AUG-20,3,"N",39,5,20,"M",2,2,"R","","",20,0
2020,39623404,128079961,1,28-JUL-20,1,"N",45,5,48,"M",2,2,"R","","",48,0
2020,39626239,128083842,1,19-AUG-20,1,"N",21,5,19,"M",2,2,"R","","",19,0
2020,39623392,128079930,1,09-AUG-20,3,"N",51,5,42,"M",2,2,"N","","",42,0
2020,38757266,125431161,1,24-JUN-20,2,"N",16,5,35,"F",2,2,"N","","",35,0
2020,38757284,125431199,1,11-JUN-20,1,"N",51,5,39,"M",2,2,"R","","",39,0
2020,38779541,125431206,1,04-JUN-20,1,"N",51,5,48,"F",2,2,"N","","",48,0
2020,38757292,125431238,1,03-JUN-20,2,"N",16,5,18,"F",2,2,"R","","",18,0
2020,38779543,125412443,1,06-JUN-20,3,"N",28,5,26,"M",2,2,"R","","",26,0
2020,39332203,127194373,1,25-JUL-20,1,"N",45,5,36,"M",2,2,"N","","",36,0
2020,39332207,127194385,1,26-JUL-20,1,"N",40,5,26,"M",2,2,"N","","",26,0
2020,39332224,127194427,1,09-JUL-20,1,"N",51,5,19,"M",2,2,"R","","",19,0
2020,38757275,125431182,1,16-JUN-20,1,"N",39,5,40,"M",2,2,"R","","",40,0
2020,38779545,125431225,1,05-JUN-20,2,"N",16,5,20,"M",1,2,"N","","",20,0
2020,38757277,125431186,1,16-JUN-20,1,"N",51,5,32,"M",2,2,"R","","",32,0
2020,38779552,125431249,1,26-MAY-20,3,"N",51,5,35,"M",2,2,"R","","",35,0
2020,38779553,125412502,1,25-MAY-20,2,"N",16,5,22,"M",2,2,"N","","",22,0
2020,39623393,128079931,1,26-JUL-20,3,"C",56,5,36,"M",2,2,"N","","",36,0
2020,39623395,128079940,1,14-JUN-20,3,"N",51,5,27,"M",2,2,"R","","",27,0
2020,38779537,125431198,1,14-JUN-20,1,"N",27,5,34,"M",2,2,"R","","",34,0
2020,38757298,125412494,1,25-MAY-20,1,"N",51,5,17,"M",2,2,"R","R","",17,0
2020,38757283,125431197,1,12-JUN-20,3,"N",40,5,41,"M",2,2,"R","","",41,0
2020,38757286,125431212,1,08-JUN-20,1,"N",51,5,18,"M",2,2,"N","","",18,0
2020,39623381,128083850,1,13-AUG-20,1,"N",16,5,21,"M",2,2,"R","","",21,0
2020,39626250,128079926,1,11-AUG-20,3,"N",40,5,28,"M",2,2,"R","","",28,0
2020,39626259,128083880,1,29-JUL-20,3,"N",5,5,43,"M",2,2,"R","","",43,0
2020,38757272,125412416,1,17-JUN-20,2,"N",16,5,18,"M",2,2,"R","","",18,0
2020,39626233,128079856,1,23-AUG-20,1,"N",51,5,21,"M",2,2,"N","","",21,0
2020,39623384,128079899,1,14-AUG-20,1,"N",51,5,20,"F",2,2,"N","","",20,0
2020,39623401,128083873,1,03-AUG-20,1,"N",51,5,32,"M",2,2,"R","","",32,0
2020,38779535,125431185,1,08-JUN-20,3,"N",5,5,62,"M",2,2,"R","","",62,0
2020,39623368,128083832,1,22-AUG-20,2,"N",16,5,25,"M",2,2,"R","","",25,0
2020,38779522,125431153,1,21-JUN-20,1,"N",40,5,18,"M",2,2,"R","","",18,0
2020,39969540,129241188,1,08-SEP-20,2,"N",51,5,37,"M",2,2,"R","","",37,0
2020,40734515,131719659,1,25-NOV-20,2,"N",16,5,34,"M",2,2,"R","","",34,0
2020,40734522,131721188,1,23-NOV-20,1,"N",28,5,28,"M",2,3,"R","","",28,0
2020,39964515,129228911,1,23-SEP-20,1,"N",16,5,47,"M",2,2,"R","","",47,0
2020,39964518,129228937,1,18-SEP-20,3,"N",45,5,20,"M",2,2,"R","","",20,0
2020,39964519,129228952,1,29-AUG-20,1,"N",27,5,18,"M",2,2,"R","","",18,0
2020,39964525,129228967,1,08-SEP-20,1,"N",51,5,21,"M",2,2,"N","","",21,0
2020,39969544,129229002,1,02-SEP-20,1,"N",51,5,33,"M",2,1,"R","","",33,0
2020,39969528,129228954,1,30-JUL-20,1,"N",51,5,21,"M",2,2,"R","","",21,0
2020,39969512,129241125,2,19-JUN-20,3,"N",5,5,32,"M",1,2,"R","","",32,0
2020,39969511,129241125,1,06-JUL-20,3,"N",5,5,37,"M",1,2,"N","","",37,0
2020,39964533,129228993,1,06-SEP-20,1,"N",48,5,27,"M",2,2,"R","","",27,0
2020,39969513,129241123,1,18-SEP-20,2,"N",51,5,36,"M",2,2,"R","","",36,0
2020,40734513,131721171,1,23-NOV-20,1,"N",51,5,30,"M",2,2,"R","","",30,0
2020,40734514,131721171,2,23-NOV-20,1,"N",51,5,29,"F",2,2,"R","","",29,0
2020,39964526,129241168,1,07-SEP-20,1,"N",51,5,31,"M",2,2,"R","","",31,0
2020,40727635,131721187,1,24-NOV-20,2,"N",16,5,24,"M",2,2,"R","","",24,0
2020,40727639,131721195,1,20-NOV-20,1,"N",16,5,34,"M",2,2,"R","","",34,0
2020,40734526,131721212,1,18-NOV-20,1,"N",27,5,21,"M",1,1,"R","","",21,0
2020,40734528,131721213,1,19-NOV-20,1,"N",27,5,56,"M",2,2,"R","","",56,0
2020,39964516,129241137,1,22-SEP-20,3,"N",40,5,31,"M",2,2,"R","","",31,0
2020,39964534,129241193,1,02-SEP-20,3,"C",28,5,18,"M",2,2,"R","","",18,0
2020,39964514,129228907,1,23-SEP-20,1,"N",18,5,19,"M",2,2,"R","","",19,0
2020,39969542,129241196,1,25-AUG-20,1,"N",51,5,33,"M",2,2,"R","","",33,0
2020,39964517,129228930,1,18-SEP-20,3,"N",18,5,27,"M",2,2,"R","","",27,0
2020,39969530,129228956,1,13-SEP-20,3,"N",51,5,28,"F",2,2,"R","","",28,0
2020,39964523,129228964,1,11-SEP-20,3,"N",39,5,28,"M",2,2,"N","","",28,0
2020,39969521,129241143,1,17-SEP-20,1,"N",40,5,27,"M",2,2,"R","","",27,0
2020,39969522,129241146,1,17-SEP-20,3,"N",40,5,41,"M",2,2,"N","","",41,0
2020,40424871,130690572,1,22-OCT-20,1,"N",39,5,30,"M",2,2,"N","","",30,0
2020,40424879,130696328,1,19-OCT-20,2,"N",16,5,21,"F",2,2,"R","","",21,0
2020,40421554,130690600,1,06-OCT-20,1,"N",40,5,23,"M",2,2,"R","","",23,0
2020,40424893,130690619,1,02-OCT-20,1,"N",51,5,40,"F",2,2,"R","","",40,0
2020,40424862,130690544,1,24-OCT-20,1,"N",51,5,52,"M",2,2,"N","","",52,0
2020,40424868,130690558,1,06-OCT-20,3,"N",51,5,20,"M",2,2,"R","","",20,0
2020,40421541,130696314,1,19-OCT-20,1,"N",16,5,39,"M",1,2,"N","","",39,0
2020,40734534,131721230,1,10-NOV-20,1,"N",39,5,27,"M",2,2,"N","","",27,0
2020,40421560,130690615,1,07-OCT-20,3,"N",27,5,24,"M",2,3,"R","","",24,0
2020,40734543,131719706,1,11-NOV-20,2,"N",16,5,39,"M",2,2,"N","","",39,0
2020,40421535,130690547,1,03-OCT-20,2,"N",47,5,35,"M",2,3,"R","","",35,0
2020,40424870,130696313,1,06-SEP-20,1,"N",39,5,19,"F",2,2,"R","","",19,0
2020,40421562,130696362,1,18-SEP-20,3,"N",27,5,45,"F",2,2,"R","","",45,0
2020,40421543,130696319,1,21-OCT-20,3,"N",56,5,19,"M",2,3,"R","","",19,0
2020,40424896,130690622,1,07-OCT-20,3,"N",40,5,24,"M",2,2,"R","","",24,0
2020,40734523,131721189,1,23-NOV-20,2,"N",16,5,22,"M",2,2,"N","","",22,0
2020,40727655,131719722,1,17-OCT-20,1,"N",51,5,55,"F",2,2,"R","","",55,0
2020,40424856,130696276,1,29-OCT-20,2,"N",16,5,20,"M",1,1,"N","","",20,0
2020,40424858,130696279,1,25-SEP-20,3,"N",51,5,35,"M",2,2,"R","","",35,0
2020,40421538,130696308,1,23-OCT-20,1,"N",51,5,18,"M",2,2,"R","","",18,0
2020,40421553,130690599,1,09-OCT-20,1,"N",27,5,33,"M",2,2,"R","","",33,0
2020,40421569,130696380,1,29-SEP-20,3,"N",51,5,25,"M",2,2,"R","","",25,0
2020,40424854,130696274,1,29-OCT-20,2,"N",16,5,18,"M",1,1,"N","","",18,0
2020,40424859,130696282,1,21-OCT-20,1,"N",51,5,43,"M",2,2,"R","","",43,0
2020,40424872,130690574,1,19-OCT-20,2,"N",16,5,26,"M",2,2,"R","","",26,0
2020,40424876,130690579,1,19-OCT-20,2,"N",16,5,19,"M",2,2,"N","","",19,0
2020,40424899,130690624,1,01-OCT-20,2,"N",51,5,34,"M",2,2,"N","","",34,0
2020,40421568,130690645,1,26-SEP-20,1,"N",39,5,28,"M",2,2,"N","","",28,0
2020,40424881,130690598,1,02-OCT-20,1,"N",51,5,20,"M",2,2,"R","","",20,0
2020,40424897,130696360,1,29-SEP-20,1,"N",51,5,25,"M",2,2,"R","","",25,0
2020,40424866,130696296,1,25-OCT-20,1,"N",16,5,26,"M",2,2,"R","","",26,0
2020,40421542,130696316,1,20-OCT-20,1,"N",51,5,44,"M",1,2,"R","","",44,0
2020,40421544,130696323,1,19-OCT-20,1,"N",27,5,18,"F",2,2,"N","","",18,0
2020,40421545,130696323,2,19-OCT-20,1,"N",53,5,30,"F",2,2,"R","","",30,0
2020,40424874,130696323,3,19-OCT-20,1,"N",53,5,13,"F",2,2,"N","H","",13,0
2020,40421558,130690610,1,12-OCT-20,3,"N",27,5,22,"M",2,2,"R","","",22,0
2020,40424892,130696348,1,05-OCT-20,1,"N",51,5,19,"M",2,2,"R","","",19,0
2020,40421566,130690639,1,30-SEP-20,1,"N",51,5,30,"F",2,2,"R","","",30,0
2020,40424901,130696367,1,01-OCT-20,3,"N",27,5,30,"F",2,3,"N","","",30,0
2020,40424873,130690577,1,22-OCT-20,3,"N",40,5,23,"M",2,3,"N","","",23,0
2020,40424877,130690582,1,19-OCT-20,2,"N",16,5,25,"F",2,2,"R","","",25,0
2020,40424885,130690605,1,09-OCT-20,2,"N",44,5,29,"M",1,1,"N","","",29,0
2020,40424880,130690589,1,18-OCT-20,2,"N",16,5,23,"M",1,2,"R","","",23,0
2020,40424898,130696364,1,29-SEP-20,1,"N",51,5,25,"M",2,2,"R","","",25,0
2020,40421536,130690550,1,27-AUG-20,3,"N",40,5,17,"M",2,2,"N","R","",17,0
2020,40421540,130696312,1,20-SEP-20,3,"N",18,5,18,"M",2,2,"R","","",18,0
2020,40424878,130696326,1,19-OCT-20,2,"N",16,5,22,"M",2,2,"R","","",22,0
2020,39969514,129241130,1,24-SEP-20,1,"N",51,5,40,"M",2,2,"N","","",40,0
2020,39969519,129228922,2,18-SEP-20,1,"N",40,5,17,"M",2,2,"N","R","",17,0
2020,39969518,129228922,1,18-SEP-20,1,"N",40,5,15,"M",2,2,"R","R","",15,0
2020,40421549,130696330,1,19-OCT-20,3,"N",27,5,53,"M",2,2,"R","","",53,0
2020,39964520,129228959,1,11-SEP-20,1,"N",44,5,36,"M",2,2,"R","","",36,0
2020,39964529,129228985,1,08-SEP-20,3,"N",44,5,29,"M",2,2,"R","","",29,0
2020,39969541,129228996,1,02-SEP-20,1,"N",51,5,62,"M",2,2,"R","","",62,0
2020,39964537,129229009,1,08-SEP-20,3,"N",44,5,29,"M",2,2,"N","","",29,0
2020,39969546,129229016,1,30-AUG-20,3,"N",56,5,28,"M",2,2,"N","","",28,0
2020,39964512,129228898,1,17-JUL-20,3,"N",27,5,24,"M",2,2,"N","","",24,0
2020,39969517,129228921,1,07-SEP-20,1,"N",51,5,31,"M",2,2,"R","","",31,0
2020,39969527,129241158,1,17-JUL-20,1,"N",39,5,43,"M",2,2,"R","","",43,0
2020,39969520,129228929,1,16-SEP-20,1,"N",44,5,31,"M",2,2,"N","","",31,0
2020,39969543,129229003,1,12-SEP-20,2,"N",51,5,32,"F",2,2,"R","","",32,0
2020,39964511,129228897,1,22-SEP-20,1,"N",45,5,26,"M",2,2,"R","","",26,0
2020,39964532,129228988,1,07-SEP-20,1,"N",56,5,42,"M",2,2,"N","","",42,0
2020,39969545,129241202,1,29-AUG-20,1,"N",27,5,35,"M",2,3,"R","","",35,0
2020,39969524,129241155,1,10-SEP-20,2,"N",44,5,18,"M",2,2,"R","","",18,0
2020,40421552,130696337,1,07-OCT-20,1,"N",51,5,36,"M",2,2,"N","","",36,0
2020,40421564,130696368,1,08-SEP-20,1,"N",51,5,41,"M",2,2,"N","","",41,0
2020,40421567,130696378,1,26-SEP-20,1,"N",40,5,19,"M",2,2,"R","","",19,0
2020,39964513,129241133,1,24-SEP-20,3,"N",18,5,17,"M",2,2,"R","R","",17,0
2020,39964530,129241179,1,17-SEP-20,3,"N",51,5,27,"F",2,2,"R","","",27,0
2020,39969537,129228989,1,04-SEP-20,1,"N",51,5,31,"M",2,2,"N","","",31,0
2020,39969532,129228965,1,13-SEP-20,1,"N",51,5,20,"M",2,2,"R","","",20,0
2020,39969534,129241170,1,08-SEP-20,1,"N",44,5,29,"M",2,2,"N","","",29,0
2020,39969508,129228896,1,28-SEP-20,1,"N",40,5,15,"M",2,2,"N","R","",15,0
2020,39969510,129228896,3,28-SEP-20,1,"N",40,5,15,"M",2,2,"R","R","",15,0
2020,39969509,129228896,2,28-SEP-20,1,"N",40,5,14,"M",2,2,"R","R","",14,0
2020,39969531,129228957,1,12-SEP-20,1,"N",56,5,47,"M",2,2,"R","","",47,0
2020,39969533,129241167,1,08-SEP-20,1,"N",51,5,27,"M",2,2,"R","","",27,0
2020,39969535,129241173,1,08-SEP-20,1,"N",18,5,18,"M",2,2,"R","","",18,0
2020,39969516,129228918,1,22-SEP-20,1,"N",27,5,42,"F",2,2,"R","","",42,0
2020,39964536,129241199,1,26-AUG-20,1,"N",51,5,19,"F",2,2,"R","","",19,0
2020,39969515,129228912,1,23-SEP-20,3,"N",39,5,39,"M",1,2,"N","","",39,0
2020,39969525,129228948,1,12-SEP-20,3,"N",56,5,34,"M",2,2,"R","","",34,0
2020,39964528,129228981,1,10-SEP-20,2,"N",45,5,60,"M",2,2,"N","","",60,0
2020,39969536,129241181,1,04-SEP-20,1,"N",51,5,51,"M",2,2,"N","","",51,0
2020,39964535,129229008,1,30-AUG-20,1,"N",27,5,50,"M",2,2,"R","","",50,0
2020,40424869,130690563,1,24-OCT-20,3,"N",35,5,45,"M",2,2,"N","","",45,0
2020,40424900,130690631,1,29-SEP-20,1,"N",29,5,33,"M",2,2,"R","","",33,0
2020,40424861,130696283,1,26-OCT-20,1,"N",51,5,58,"F",2,2,"R","","",58,0
2020,40424889,130690613,1,04-OCT-20,1,"N",51,5,37,"M",2,2,"R","","",37,0
2020,40421532,130690543,1,27-OCT-20,2,"N",16,5,33,"M",2,2,"N","","",33,0
2020,40424895,130696358,1,03-OCT-20,1,"N",51,5,17,"M",2,2,"N","R","",17,0
2020,40994680,132542032,1,28-DEC-20,1,"N",51,5,17,"F",1,1,"N","R","",17,0
2020,40994685,132542038,1,23-DEC-20,3,"C",5,5,36,"M",2,2,"R","","",36,0
2020,40994710,132542116,1,07-DEC-20,3,"N",28,5,15,"F",2,2,"N","R","",15,0
2020,40421533,130696288,1,27-OCT-20,2,"N",16,5,26,"M",2,2,"R","","",26,0
2020,40421548,130690586,1,23-SEP-20,3,"N",18,5,24,"M",2,2,"R","","",24,0
2020,40424864,130690548,1,25-OCT-20,1,"N",39,5,23,"M",2,3,"R","","",23,0
2020,40421559,130690612,1,02-OCT-20,2,"N",51,5,36,"M",2,3,"R","","",36,0
2020,40424857,130696277,1,28-OCT-20,1,"N",51,5,29,"M",2,2,"R","","",29,0
2020,40421547,130690584,1,19-OCT-20,2,"N",16,5,37,"F",2,2,"R","","",37,0
2020,40421565,130690633,1,28-SEP-20,2,"N",16,5,30,"M",2,2,"N","","",30,0
2020,40421570,130690650,1,11-SEP-20,3,"C",51,5,25,"M",2,2,"R","","",25,0
2020,40421551,130690592,1,05-JUN-20,3,"N",27,5,63,"M",2,2,"N","","",63,0
2020,40421561,130696354,1,04-OCT-20,1,"N",44,5,68,"M",2,2,"R","","",68,0
2020,40421563,130696361,1,29-SEP-20,1,"N",56,5,50,"M",2,2,"N","","",50,0
2020,40734520,131719668,1,24-NOV-20,1,"N",51,5,18,"M",2,2,"N","","",18,0
2020,40734548,131721259,1,08-NOV-20,1,"N",39,5,30,"M",2,2,"R","","",30,0
2020,40734541,131719703,1,10-NOV-20,1,"N",5,5,31,"M",2,2,"N","","",31,0
2020,40734554,131719723,1,01-NOV-20,1,"N",51,5,39,"M",2,2,"R","","",39,0
2020,40727659,131719739,1,30-OCT-20,2,"N",16,5,40,"M",2,2,"N","","",40,0
2020,40994714,132542121,1,08-DEC-20,2,"N",16,5,27,"M",2,2,"N","","",27,0
2020,40727640,131721197,1,23-NOV-20,1,"N",51,5,19,"F",2,2,"R","","",19,0
2020,40424855,130696275,1,29-OCT-20,1,"N",51,5,23,"M",2,2,"N","","",23,0
2020,40424863,130696291,1,26-OCT-20,1,"N",16,5,40,"M",2,2,"R","","",40,0
2020,40424867,130690556,1,19-OCT-20,3,"N",56,5,30,"M",2,3,"N","","",30,0
2020,40421557,130696340,1,10-OCT-20,1,"N",51,5,33,"M",2,2,"R","","",33,0
2020,40734560,131719740,1,29-OCT-20,1,"N",51,5,33,"M",2,2,"N","","",33,0
2020,40727656,131719724,1,03-SEP-20,3,"N",51,5,26,"F",2,2,"R","","",26,0
2020,40727660,131719741,1,05-JUN-20,1,"N",51,5,26,"M",2,2,"R","","",26,0
2020,40424902,130690648,1,03-OCT-20,3,"N",56,5,24,"M",2,2,"N","","",24,0
2020,40424884,130696338,1,10-OCT-20,1,"N",56,5,23,"M",2,1,"N","","",23,0
2020,40424890,130696346,1,01-OCT-20,3,"N",47,5,43,"M",2,2,"N","","",43,0
2020,40994737,132542177,1,07-OCT-20,3,"N",7,5,27,"M",2,2,"R","","",27,0
2020,40727633,131719656,1,25-NOV-20,2,"N",16,5,36,"M",2,2,"R","","",36,0
2020,40734521,131721190,1,17-APR-20,3,"N",40,5,25,"M",2,2,"N","","",25,0
2020,40727644,131719679,1,18-NOV-20,1,"N",40,5,33,"F",2,2,"R","","",33,0
2020,40734532,131721223,1,05-NOV-20,3,"N",40,5,17,"M",2,2,"N","R","",17,0
2020,40727649,131721237,1,13-NOV-20,1,"N",51,5,28,"M",2,2,"R","","",28,0
2020,40734561,131721297,1,29-OCT-20,1,"N",16,5,20,"M",2,2,"R","","",20,0
2020,40424887,130696342,1,11-OCT-20,1,"N",39,5,32,"M",2,2,"N","","",32,0
2020,40424891,130690617,1,08-OCT-20,3,"N",36,5,21,"M",2,2,"R","","",21,0
2020,40734524,131719672,1,23-NOV-20,1,"N",51,5,19,"M",2,2,"N","","",19,0
2020,40727646,131721227,1,07-JUL-20,1,"N",51,5,21,"M",2,2,"R","","",21,0
2020,40421531,130690539,1,24-OCT-20,3,"N",51,5,23,"F",2,2,"R","","",23,0
2020,40421534,130690545,1,22-OCT-20,3,"N",40,5,28,"M",2,3,"R","","",28,0
2020,40421539,130690573,1,20-OCT-20,1,"N",51,5,17,"M",2,2,"R","R","",17,0
2020,40424875,130696325,1,29-SEP-20,2,"N",51,5,25,"F",2,2,"N","","",25,0
2020,40421546,130696325,2,29-SEP-20,2,"N",51,5,51,"M",2,2,"N","","",51,0
2020,40424883,130690602,2,14-OCT-20,1,"N",28,5,19,"M",2,2,"R","","",19,0
2020,40421555,130690602,3,14-OCT-20,1,"N",28,5,19,"M",2,2,"R","","",19,0
2020,40424882,130690602,1,14-OCT-20,1,"N",28,5,21,"M",2,2,"R","","",21,0
2020,40421556,130690602,4,14-OCT-20,1,"N",28,5,22,"M",2,2,"R","","",22,0
2020,40421550,130690590,1,18-OCT-20,2,"N",16,5,20,"F",2,2,"R","","",20,0
2020,40424886,130690606,1,13-OCT-20,3,"N",51,5,29,"M",2,2,"N","","",29,0
2020,40424888,130690611,1,06-OCT-20,1,"N",56,5,36,"M",2,2,"R","","",36,0
2020,40424894,130690618,1,02-OCT-20,1,"N",51,5,19,"M",2,2,"R","","",19,0
2020,40421537,130690561,1,24-OCT-20,1,"N",51,5,23,"F",2,2,"U","","",23,0
2020,40734527,131721210,1,19-NOV-20,1,"N",51,5,53,"M",2,2,"N","","",53,0
2020,40994683,132542035,1,30-DEC-20,1,"N",16,5,22,"M",2,2,"R","","",22,0
2020,40994688,132542049,1,25-DEC-20,1,"N",51,5,22,"M",2,1,"N","","",22,0
2020,40994689,132542057,1,28-NOV-20,2,"N",50,5,36,"M",2,2,"N","","",36,0
2020,40994695,132542083,1,11-DEC-20,1,"N",16,5,27,"M",2,2,"R","","",27,0
2020,40973016,132542152,1,02-DEC-20,1,"N",40,5,39,"M",2,2,"R","","",39,0
2020,40994678,132542029,1,29-DEC-20,3,"N",51,5,46,"M",1,2,"R","","",46,0
2020,40972985,132542039,1,23-DEC-20,3,"C",5,5,36,"M",2,2,"R","","",36,0
2020,40973006,132537805,1,07-DEC-20,1,"N",40,5,27,"M",2,2,"N","","",27,0
2020,40973010,132542120,1,08-DEC-20,2,"N",16,5,19,"M",2,2,"R","","",19,0
2020,40973015,132537828,1,01-DEC-20,1,"N",5,5,20,"M",2,2,"N","","",20,0
2020,40994728,132542158,1,30-NOV-20,1,"N",40,5,17,"M",2,3,"R","R","",17,0
2020,40994730,132542158,2,30-NOV-20,1,"N",40,5,19,"M",2,2,"R","","",19,0
2020,40994691,132542071,1,18-DEC-20,1,"N",51,5,28,"M",2,2,"N","","",28,0
2020,40994711,132542117,1,06-DEC-20,1,"N",51,5,26,"M",2,2,"N","","",26,0
2020,40972992,132537755,1,23-DEC-20,2,"N",5,5,22,"M",2,3,"R","","",22,0
2020,40994684,132542036,1,29-DEC-20,2,"N",16,5,22,"M",1,1,"R","","",22,0
2020,40972988,132542041,1,23-DEC-20,3,"C",5,5,36,"M",2,2,"R","","",36,0
2020,40994698,132542090,1,11-DEC-20,2,"N",16,5,19,"M",2,2,"R","","",19,0
2020,40973002,132542103,1,10-DEC-20,1,"N",27,5,31,"M",2,2,"N","","",31,0
2020,40994729,132537838,1,27-NOV-20,1,"N",51,5,41,"F",2,2,"R","","",41,0
2020,41425419,134119249,1,05-DEC-20,3,"N",51,5,19,"M",2,2,"R","","",19,0
2020,40994694,132542080,1,28-NOV-20,3,"N",18,5,21,"M",2,2,"R","","",21,0
2020,40994705,132542104,1,10-DEC-20,1,"N",44,5,31,"M",2,2,"N","","",31,0
2020,40994722,132542139,1,28-NOV-20,3,"N",18,5,21,"M",2,2,"R","","",21,0
2020,40972987,132537750,1,23-DEC-20,3,"C",5,5,35,"M",2,2,"R","","",35,0
2020,40972986,132537748,1,25-DEC-20,1,"N",51,5,30,"M",2,2,"R","","",30,0
2020,40972993,132542047,1,25-DEC-20,1,"N",16,5,32,"M",2,2,"N","","",32,0
2020,40994679,132542030,1,30-DEC-20,3,"N",5,5,34,"M",2,2,"R","","",34,0
2020,40994719,132542135,1,28-NOV-20,1,"N",18,5,21,"M",2,2,"R","","",21,0
2020,40972983,132542033,1,21-DEC-20,1,"N",40,5,18,"M",2,2,"N","","",18,0
2020,40994697,132542089,1,15-DEC-20,2,"N",16,5,23,"M",2,2,"N","","",23,0
2020,40994709,132542115,1,04-DEC-20,1,"N",51,5,28,"M",2,2,"R","","",28,0
2020,40994715,132542132,1,26-NOV-20,1,"N",51,5,24,"M",2,2,"N","","",24,0
2020,40994716,132542132,2,26-NOV-20,1,"N",51,5,22,"F",2,2,"R","","",22,0
2020,40994733,132542169,1,02-SEP-20,3,"N",5,5,27,"M",1,2,"N","","",27,0
2020,40972998,132542074,1,16-DEC-20,1,"N",51,5,45,"M",2,2,"R","","",45,0
2020,40994707,132542107,1,05-DEC-20,1,"N",51,5,31,"M",2,2,"R","","",31,0
2020,40994720,132537822,1,28-NOV-20,2,"N",50,5,36,"M",2,3,"N","","",36,0
2020,40973007,132542113,1,08-DEC-20,1,"N",44,5,33,"M",2,2,"R","","",33,0
2020,40994693,132542078,1,07-NOV-20,3,"N",40,5,27,"M",2,2,"N","","",27,0
2020,40994703,132542102,1,12-DEC-20,1,"N",39,5,31,"M",2,2,"R","","",31,0
2020,40973004,132537795,1,08-DEC-20,2,"N",16,5,24,"M",2,2,"N","","",24,0
2020,40994712,132542119,1,06-DEC-20,3,"N",47,5,19,"M",2,2,"N","","",19,0
2020,40994718,132542133,1,05-DEC-20,1,"N",56,5,65,"M",1,1,"R","","",65,0
2020,40994735,132537848,2,07-NOV-20,3,"N",40,5,27,"M",2,2,"N","","",27,0
2020,40994734,132537848,1,07-NOV-20,3,"N",40,5,26,"M",2,2,"N","","",26,0
2020,40972984,132537739,1,30-DEC-20,1,"N",51,5,21,"M",2,1,"R","","",21,0
2020,40972989,132542044,1,21-DEC-20,1,"N",51,5,31,"M",2,2,"N","","",31,0
2020,40994700,132542092,2,07-DEC-20,1,"N",48,5,18,"F",2,2,"R","","",18,0
2020,40994699,132542092,1,07-DEC-20,1,"N",51,5,28,"M",2,2,"R","","",28,0
2020,40994732,132537843,1,30-NOV-20,2,"N",16,5,23,"F",2,2,"R","","",23,0
2020,40972990,132542045,1,26-DEC-20,1,"N",27,5,32,"M",2,3,"N","","",32,0
2020,40994692,132542072,1,14-DEC-20,1,"N",27,5,31,"M",2,2,"R","","",31,0
2020,40973008,132542114,1,05-DEC-20,1,"N",51,5,28,"M",2,2,"R","","",28,0
2020,40973009,132542114,2,05-DEC-20,1,"N",51,5,25,"F",2,2,"R","","",25,0
2020,40994725,132542147,1,22-NOV-20,1,"N",44,5,29,"M",2,2,"R","","",29,0
2020,40727634,131721172,1,26-NOV-20,1,"N",5,5,17,"M",2,2,"R","H","",17,0
2020,40727632,131721167,1,28-NOV-20,1,"N",51,5,29,"M",2,2,"N","","",29,0
2020,40734535,131721233,1,11-NOV-20,3,"N",32,5,28,"M",1,1,"R","","",28,0
2020,40727650,131719699,1,08-NOV-20,3,"N",56,5,43,"M",2,2,"R","","",43,0
2020,40734547,131721258,1,05-NOV-20,3,"N",51,5,29,"M",2,2,"R","","",29,0
2020,40734549,131721267,1,05-NOV-20,2,"N",16,5,26,"M",2,2,"N","","",26,0
2020,40734557,131719730,1,01-NOV-20,1,"N",51,5,31,"M",2,2,"N","","",31,0
2020,41425431,134119304,1,31-DEC-20,1,"N",44,5,31,"M",4,2,"N","","",31,0
2020,40727645,131721219,1,18-NOV-20,1,"N",44,5,51,"M",2,2,"R","","",51,0
2020,40734553,131721276,1,03-NOV-20,2,"N",16,5,45,"M",2,2,"N","","",45,0
2020,40734558,131719735,1,19-AUG-20,3,"N",40,5,29,"M",2,2,"R","","",29,0
2020,40734517,131721180,1,05-NOV-20,1,"N",27,5,71,"M",2,2,"N","","",71,0
2020,40727637,131719670,1,24-NOV-20,2,"N",16,5,60,"M",1,2,"R","","",60,0
2020,40734525,131721206,1,11-NOV-20,1,"N",21,5,24,"M",1,2,"N","","",24,0
2020,40734530,131721221,1,17-NOV-20,1,"N",51,5,31,"M",2,2,"R","","",31,0
2020,40727638,131721194,1,23-NOV-20,1,"N",16,5,45,"F",2,2,"R","","",45,0
2020,40734529,131721215,1,16-NOV-20,1,"N",51,5,19,"M",2,2,"N","","",19,0
2020,40734538,131721241,1,07-NOV-20,1,"N",5,5,24,"M",2,2,"N","","",24,0
2020,40734536,131719702,1,14-SEP-20,3,"N",27,5,18,"M",2,2,"N","","",18,0
2020,40734539,131719702,3,23-SEP-20,3,"N",27,5,17,"F",2,2,"N","R","",17,0
2020,40734537,131719702,2,01-OCT-20,3,"N",27,5,17,"M",2,2,"N","R","",17,0
2020,40727651,131719702,4,24-SEP-20,3,"N",27,5,17,"M",2,2,"N","R","",17,0
2020,40972997,132537778,1,15-DEC-20,3,"N",40,5,32,"M",2,2,"N","","",32,0
2020,40973019,132537836,1,30-NOV-20,1,"N",51,5,27,"M",2,2,"N","","",27,0
2020,40727647,131721240,1,23-OCT-20,1,"N",27,5,32,"M",2,2,"R","","",32,0
2020,40727648,131721240,2,23-OCT-20,1,"N",51,5,28,"M",2,2,"R","","",28,0
2020,40734551,131721271,2,06-NOV-20,1,"N",51,5,16,"F",2,2,"R","R","",16,0
2020,40727653,131721271,1,06-NOV-20,1,"N",51,5,21,"M",2,2,"N","","",21,0
2020,40734531,131719685,1,17-NOV-20,2,"N",16,5,22,"M",2,2,"R","","",22,0
2020,40727654,131721270,1,30-OCT-20,3,"N",13,5,19,"M",2,2,"R","","",19,0
2020,40973005,132537800,1,08-DEC-20,1,"N",40,5,33,"M",2,2,"N","","",33,0
2020,40994687,132542040,1,28-DEC-20,1,"N",56,5,42,"M",2,2,"N","","",42,0
2020,40734545,131721253,1,10-NOV-20,1,"N",51,5,37,"F",1,1,"N","","",37,0
2020,40727661,131721310,1,06-NOV-20,3,"N",40,5,20,"M",2,2,"R","","",20,0
2020,40734516,131721175,1,25-NOV-20,2,"N",16,5,27,"M",2,2,"N","","",27,0
2020,40727636,131721186,1,21-NOV-20,1,"N",51,5,48,"F",2,2,"R","","",48,0
2020,40727641,131721203,1,17-NOV-20,1,"N",51,5,37,"M",2,2,"R","","",37,0
2020,40727657,131721286,1,31-OCT-20,1,"N",44,5,24,"M",2,2,"N","","",24,0
2020,40972999,132542077,1,16-DEC-20,1,"N",45,5,24,"M",2,2,"R","","",24,0
2020,40994696,132542086,1,15-DEC-20,2,"N",16,5,22,"M",2,2,"R","","",22,0
2020,40994702,132537792,1,12-DEC-20,3,"N",45,5,33,"M",2,2,"R","","",33,0
2020,40994704,132537793,1,10-DEC-20,3,"N",45,5,47,"M",2,2,"R","","",47,0
2020,40994708,132542112,1,06-DEC-20,3,"N",51,5,70,"M",1,2,"R","","",70,0
2020,40973011,132537810,1,08-DEC-20,1,"N",16,5,18,"M",2,2,"R","","",18,0
2020,40994717,132537818,1,03-DEC-20,1,"N",51,5,39,"M",2,2,"N","","",39,0
2020,40973017,132537830,1,02-DEC-20,3,"N",5,5,30,"M",2,2,"N","","",30,0
2020,40734518,131719662,1,23-NOV-20,1,"N",27,5,19,"M",2,2,"R","","",19,0
2020,40727642,131721205,1,20-NOV-20,2,"N",16,5,44,"M",2,2,"R","","",44,0
2020,40734533,131719688,1,13-NOV-20,1,"N",51,5,44,"M",2,2,"R","","",44,0
2020,40734555,131721284,1,19-JUN-20,3,"M",5,5,32,"M",1,2,"R","","",32,0
2020,40972996,132537777,1,16-DEC-20,1,"N",51,5,29,"M",2,2,"R","","",29,0
2020,40972995,132537765,1,18-DEC-20,1,"N",51,5,21,"M",2,2,"N","","",21,0
2020,40973013,132537824,1,01-DEC-20,1,"N",40,5,27,"M",2,2,"R","","",27,0
2020,40973018,132537831,1,01-DEC-20,1,"N",16,5,49,"M",2,2,"R","","",49,0
2020,40727643,131719677,1,17-NOV-20,1,"N",51,5,36,"M",2,2,"N","","",36,0
2020,40734546,131721255,1,08-NOV-20,1,"N",39,5,52,"M",2,2,"R","","",52,0
2020,40734559,131721291,1,13-OCT-20,3,"N",18,5,16,"F",2,2,"N","R","",16,0
2020,40734519,131719665,1,19-NOV-20,3,"N",27,5,41,"F",2,3,"N","","",41,0
2020,40734542,131721254,1,07-NOV-20,1,"N",28,5,27,"M",2,2,"N","","",27,0
2020,40734544,131721254,2,07-NOV-20,1,"N",28,5,26,"M",2,2,"R","","",26,0
2020,40734550,131721265,1,06-NOV-20,1,"N",51,5,30,"M",2,2,"R","","",30,0
2020,40994681,132537740,1,29-DEC-20,1,"N",27,5,48,"M",2,2,"R","","",48,0
2020,40994682,132537740,2,29-DEC-20,1,"N",51,5,30,"F",2,2,"N","","",30,0
2020,40994713,132542118,1,04-DEC-20,1,"N",27,5,25,"M",2,2,"R","","",25,0
2020,40994723,132542143,1,03-DEC-20,1,"N",39,5,42,"M",2,2,"R","","",42,0
2020,40994686,132537746,1,29-DEC-20,1,"N",51,5,27,"M",2,2,"N","","",27,0
2020,40973001,132537784,1,15-DEC-20,3,"N",39,5,32,"M",2,2,"N","","",32,0
2020,40973003,132537794,1,09-DEC-20,1,"N",51,5,50,"M",2,2,"R","","",50,0
2020,40994721,132537823,1,03-DEC-20,2,"N",16,5,22,"M",2,2,"N","","",22,0
2020,40994726,132542149,1,02-DEC-20,1,"N",40,5,39,"M",2,2,"R","","",39,0
2020,40994727,132542149,2,02-DEC-20,1,"N",40,5,29,"F",1,2,"R","","",29,0
2020,40994731,132537841,1,27-NOV-20,1,"N",51,5,41,"F",2,2,"R","","",41,0
2020,40972991,132537754,1,23-DEC-20,3,"N",27,5,17,"F",2,2,"U","R","",17,0
2020,40994724,132542144,1,03-DEC-20,2,"N",16,5,24,"M",2,2,"R","","",24,0
2020,40994706,132537796,1,12-DEC-20,1,"N",51,5,23,"M",2,2,"R","","",23,0
2020,40973012,132537808,1,30-NOV-20,3,"N",39,5,41,"M",2,2,"R","","",41,0
2020,40727631,131721161,1,25-NOV-20,1,"N",45,5,35,"M",2,2,"R","","",35,0
2020,40727652,131721252,1,11-NOV-20,1,"N",51,5,17,"M",2,2,"N","H","",17,0
2020,40727658,131721293,1,22-OCT-20,3,"N",45,5,17,"M",2,2,"N","R","",17,0
2020,41430357,134113980,1,27-DEC-20,3,"N",44,5,45,"M",2,2,"N","","",45,0
2020,41430386,134114065,2,14-FEB-20,1,"N",28,5,14,"F",2,2,"N","R","",14,0
2020,41425430,134114065,1,14-FEB-20,1,"N",18,5,15,"M",2,2,"R","R","",15,0
2020,41430387,134119303,1,31-DEC-20,2,"N",16,5,27,"F",2,2,"N","","",27,0
2020,41425411,134113995,1,19-JAN-21,3,"N",56,5,33,"M",2,2,"N","","",33,0
2020,41846133,135469379,1,04-JAN-21,2,"N",5,5,59,"M",2,2,"R","","",59,0
2020,41846118,135469366,1,02-JUL-20,3,"N",45,5,34,"M",2,2,"R","","",34,0
2020,41846109,135469358,1,01-NOV-20,1,"N",39,5,26,"M",2,2,"R","","",26,0
2020,41425428,134119298,2,03-DEC-20,2,"N",40,5,17,"M",2,2,"N","R","",17,0
2020,41425427,134119298,1,24-DEC-20,3,"N",40,5,23,"M",2,2,"N","","",23,0
2020,41842392,135474319,1,31-JAN-21,3,"N",5,5,29,"M",2,2,"N","","",29,0
2020,41846141,135474324,1,17-JAN-21,3,"N",40,5,19,"F",2,2,"R","","",19,0
2020,41842393,135474320,1,02-DEC-20,3,"N",51,5,30,"M",2,2,"N","","",30,0
2020,41846143,135474322,2,24-MAY-20,3,"N",40,5,15,"M",2,2,"R","R","",15,0
2020,41846142,135474322,1,17-MAR-20,3,"N",40,5,14,"M",2,2,"R","R","",14,0
2020,41842394,135474322,3,26-JAN-21,3,"N",40,5,17,"M",2,2,"R","R","",17,0
2020,41425417,134119244,1,08-JAN-21,3,"N",47,5,37,"M",2,2,"R","","",37,0
2020,41430375,134119282,1,06-JAN-21,3,"N",51,5,17,"M",2,2,"R","R","",17,0
2020,41425429,134114062,1,14-MAY-20,2,"N",16,5,19,"M",2,2,"R","","",19,0
2020,41425413,134119236,1,05-NOV-20,1,"N",51,5,25,"M",1,2,"R","","",25,0
2020,41430366,134114010,1,12-JAN-21,3,"N",39,5,20,"M",2,2,"R","","",20,0
2020,41425416,134114015,1,13-JAN-21,3,"N",40,5,28,"M",2,2,"R","","",28,0
