"DATA_YEAR","OFFENSE_ID","INCIDENT_ID","OFFENSE_TYPE_ID","ATTEMPT_COMPLETE_FLAG","LOCATION_ID","NUM_PREMISES_ENTERED","METHOD_ENTRY_CODE"
2020,147151353,121535890,16,"C",13,,""
2020,147147263,121535891,5,"C",1,,""
2020,147151355,121551727,51,"C",13,,""
2020,147151357,121551729,51,"C",13,,""
2020,147151359,121551731,45,"C",1,,""
2020,147151360,121551732,40,"C",1,,""
2020,149583835,123448349,44,"C",13,,""
2020,149583847,123448360,51,"C",13,,""
2020,149583851,123448364,40,"C",1,,""
2020,149583860,123448372,45,"C",1,,""
2020,149583870,123448379,35,"C",1,,""
2020,149583869,123448379,16,"C",1,,""
2020,149583874,123448382,16,"C",13,,""
2020,149583877,123448385,40,"C",1,,""
2020,149583885,123448394,16,"C",1,,""
2020,149583893,123448401,40,"A",1,,""
2020,149583897,123448405,51,"C",13,,""
2020,149583899,123448407,5,"C",13,,""
2020,149583902,123448410,27,"C",1,,""
2020,149583904,123448412,21,"A",18,,""
2020,149583905,123448412,5,"C",18,,""
2020,149583908,123448415,51,"C",13,,""
2020,149583911,123448418,5,"C",13,,""
2020,149583963,123448464,27,"C",18,,""
2020,149583813,123448329,51,"C",1,,""
2020,149583818,123448334,51,"C",1,,""
2020,145496959,120074161,40,"C",1,,""
2020,145496960,120074162,5,"C",13,,""
2020,145496961,120074163,51,"C",1,,""
2020,145496963,120074165,51,"C",1,,""
2020,145496964,120074166,44,"C",1,,""
2020,145496965,120074167,51,"C",1,,""
2020,145496966,120074168,16,"C",1,,""
2020,145496968,120074170,45,"C",1,,""
2020,145496970,120074172,51,"C",13,,""
2020,145496971,120074173,51,"C",1,,""
2020,145496972,120074174,56,"C",1,,""
2020,145496739,120073969,51,"C",1,,""
2020,145496809,120074030,16,"C",13,,""
2020,149583836,123448350,45,"C",1,,""
2020,149583785,123448301,44,"C",1,,""
2020,149579338,123448321,45,"C",1,,""
2020,149583833,123448347,40,"C",1,,""
2020,149579337,123448312,18,"C",1,,""
2020,149583811,123448327,16,"C",1,,""
2020,151872717,125431252,51,"C",1,,""
2020,151872718,125431256,51,"C",1,,""
2020,149583812,123448328,45,"C",1,,""
2020,149583820,123448336,45,"C",1,,""
2020,149583821,123448336,5,"C",1,,""
2020,149583826,123448341,5,"C",13,,""
2020,149583837,123448351,51,"C",1,,""
2020,149583801,123448316,5,"C",13,,""
2020,149583795,123448310,51,"C",1,,""
2020,149583854,123448367,51,"C",1,,""
2020,149583867,123448378,51,"C",1,,""
2020,149583868,123448378,5,"C",1,,""
2020,149583871,123448380,5,"C",1,,""
2020,149583878,123448386,44,"C",1,,""
2020,149583879,123448387,51,"C",13,,""
2020,149583886,123448393,27,"C",1,,""
2020,149583888,123448396,18,"C",1,,""
2020,149583895,123448403,40,"A",1,,""
2020,149583940,123448444,5,"C",13,,""
2020,149583944,123448448,51,"C",18,,""
2020,149583947,123448450,51,"C",1,,""
2020,149583946,123448450,45,"C",1,,""
2020,149583951,123448453,51,"C",1,,""
2020,149583953,123448455,16,"C",1,,""
2020,149583956,123448458,45,"C",1,,""
2020,149583960,123448462,51,"C",13,,""
2020,149583900,123448408,51,"C",1,,""
2020,149583901,123448409,51,"C",1,,""
2020,149583906,123448413,5,"C",25,,""
2020,149583909,123448416,40,"C",1,,""
2020,149583912,123448419,56,"C",13,,""
2020,149583914,123448421,40,"C",1,,""
2020,149583919,123448426,27,"C",1,,""
2020,149583921,123448428,49,"C",1,,"F"
2020,149583927,123448434,45,"C",1,,""
2020,149583929,123448434,5,"C",1,,""
2020,149583928,123448434,51,"C",1,,""
2020,149583931,123448436,51,"C",1,,""
2020,149583933,123448438,44,"C",13,,""
2020,154693995,128080012,5,"C",13,,""
2020,149583805,123448320,44,"C",13,,""
2020,149583832,123448346,18,"C",13,,""
2020,149583850,123448363,51,"C",1,,""
2020,149583859,123448371,51,"C",1,,""
2020,149583865,123448377,51,"C",13,,""
2020,149583880,123448388,16,"C",1,,""
2020,149583883,123448391,51,"C",13,,""
2020,149583915,123448422,16,"C",1,,""
2020,149583917,123448424,16,"C",1,,""
2020,149583922,123448429,40,"C",1,,""
2020,149583925,123448432,5,"C",1,,""
2020,149583932,123448437,5,"C",18,,""
2020,149583935,123448440,51,"C",13,,""
2020,149583936,123448441,5,"C",1,,""
2020,149583937,123448442,16,"C",1,,""
2020,149583938,123448443,51,"C",1,,""
2020,149583939,123448443,5,"C",1,,""
2020,149583942,123448446,27,"C",1,,""
2020,149583948,123448451,45,"C",1,,""
2020,149583949,123448451,5,"C",1,,""
2020,149583962,123448465,18,"C",1,,""
2020,149583965,123448468,40,"C",13,,""
2020,149583975,123448476,51,"C",1,,""
2020,149583976,123448477,13,"C",1,,""
2020,149583979,123448480,27,"C",1,,""
2020,149583980,123448481,27,"C",13,,""
2020,149583981,123448482,5,"C",25,,""
2020,149583985,123448486,5,"C",1,,""
2020,149583986,123448487,51,"C",1,,""
2020,149583987,123448487,5,"C",1,,""
2020,149584000,123448500,51,"C",1,,""
2020,149584001,123448501,40,"C",1,,""
2020,149584002,123448501,5,"C",1,,""
2020,149584004,123448502,5,"C",1,,""
2020,149584003,123448502,51,"C",1,,""
2020,149584005,123448503,51,"C",5,,""
2020,149584006,123448504,51,"C",13,,""
2020,149584007,123448505,40,"A",18,,""
2020,149584008,123448505,39,"C",18,,""
2020,149584009,123448506,51,"C",1,,""
2020,149584010,123448507,5,"C",25,,""
2020,149584012,123448509,5,"C",1,,""
2020,149584013,123448510,40,"C",1,,""
2020,149584014,123448510,5,"C",1,,""
2020,149584015,123448511,51,"C",1,,""
2020,149584017,123448513,51,"C",1,,""
2020,149583896,123448404,27,"C",1,,""
2020,149583898,123448406,5,"C",13,,""
2020,149583903,123448411,5,"C",13,,""
2020,149583907,123448414,18,"C",18,,""
2020,149583913,123448420,5,"C",25,,""
2020,149583918,123448425,40,"C",1,,""
2020,149583923,123448430,27,"C",13,,""
2020,149583924,123448431,40,"C",18,,""
2020,149583930,123448435,51,"C",13,,""
2020,149583934,123448439,51,"C",13,,""
2020,149583941,123448445,5,"C",13,,""
2020,149583943,123448447,18,"C",1,,""
2020,149583945,123448449,5,"C",13,,""
2020,149583950,123448452,40,"C",1,,""
2020,149584020,123448516,5,"C",25,,""
2020,149584021,123448517,51,"C",1,,""
2020,149584022,123448518,5,"C",13,,""
2020,149583793,123448308,51,"C",1,,""
2020,149583817,123448333,51,"C",1,,""
2020,149583819,123448335,45,"C",1,,""
2020,149583828,123448344,14,"C",18,,""
2020,149583830,123448344,5,"C",18,,""
2020,149583842,123448356,45,"C",1,,""
2020,149583845,123448358,51,"C",1,,""
2020,149583848,123448361,51,"C",13,,""
2020,149583853,123448366,51,"C",1,,""
2020,149583864,123448375,44,"C",1,,""
2020,149583866,123448376,51,"C",13,,""
2020,149583889,123448397,18,"C",1,,""
2020,149583892,123448400,13,"C",13,,""
2020,149583988,123448488,51,"C",1,,""
2020,149583991,123448491,51,"C",1,,""
2020,149583992,123448492,40,"C",1,,""
2020,149583993,123448493,40,"C",1,,""
2020,149583994,123448494,40,"A",1,,""
2020,149583995,123448495,39,"C",1,,""
2020,149583996,123448496,5,"C",13,,""
2020,149583998,123448498,5,"C",1,,""
2020,149583999,123448499,44,"C",13,,""
2020,149583952,123448454,51,"C",1,,""
2020,149583954,123448456,40,"C",13,,""
2020,149583955,123448457,40,"C",1,,""
2020,149583957,123448459,5,"C",13,,""
2020,149583959,123448461,18,"C",1,,""
2020,149583961,123448463,51,"C",1,,""
2020,149583966,123448467,40,"A",1,,""
2020,149583969,123448470,39,"C",1,,""
2020,149583968,123448470,27,"C",1,,""
2020,149583970,123448471,5,"C",13,,""
2020,149583971,123448472,5,"C",13,,""
2020,149583974,123448475,51,"C",1,,""
2020,149583810,123448326,51,"C",13,,""
2020,149583890,123448398,5,"C",1,,""
2020,149583822,123448337,51,"C",1,,""
2020,149583824,123448339,56,"C",1,,""
2020,149583840,123448353,5,"C",18,,""
2020,149583839,123448353,14,"C",18,,""
2020,149583852,123448365,40,"C",1,,""
2020,149583857,123448369,16,"C",1,,""
2020,149583858,123448370,41,"C",1,,""
2020,149583873,123448381,5,"C",1,,""
2020,149583872,123448381,51,"C",1,,""
2020,149583882,123448390,18,"C",1,,""
2020,149583884,123448392,35,"C",1,,""
2020,156009663,129241189,51,"C",1,,""
2020,156005251,129229005,27,"C",18,,""
2020,154698589,128079918,51,"C",1,,""
2020,154693915,128079937,51,"C",1,,""
2020,154693941,128079964,45,"C",1,,""
2020,154693976,128079995,51,"C",1,,""
2020,154698639,128080002,27,"C",1,,""
2020,154693828,128079839,5,"C",13,,""
2020,154693833,128079846,45,"C",1,,""
2020,154693840,128079854,44,"C",13,,""
2020,154698570,128079894,40,"C",1,,""
2020,154693874,128079894,51,"C",1,,""
2020,154698595,128079933,51,"C",1,,""
2020,154693924,128079947,51,"C",1,,""
2020,154698607,128079947,5,"C",1,,""
2020,154693928,128079951,45,"C",1,,""
2020,154693938,128083879,27,"C",1,,""
2020,154693940,128079962,40,"C",1,,""
2020,154693977,128079994,51,"C",1,,""
2020,154698529,128083817,51,"C",1,,""
2020,154693830,128083822,51,"C",13,,""
2020,154698548,128079852,40,"C",1,,""
2020,154698617,128079954,40,"A",13,,""
2020,154693943,128079966,5,"C",13,,""
2020,154693959,128079972,51,"C",13,,""
2020,154698555,128083833,21,"C",18,,""
2020,154698582,128079900,27,"C",1,,""
2020,157664549,130696284,51,"C",13,,""
2020,157664557,130696290,51,"C",1,,""
2020,157664562,130696294,5,"C",13,,""
2020,154693894,128083856,51,"C",13,,""
2020,157664568,130696297,51,"C",1,,""
2020,157664571,130696302,51,"C",1,,""
2020,154693901,128079927,40,"C",1,,""
2020,157664618,130690601,44,"C",1,,""
2020,154698601,128083865,51,"C",1,,""
2020,157668622,130696343,51,"C",1,,""
2020,157664634,130690614,45,"C",1,,""
2020,154698616,128083878,40,"C",1,,""
2020,154693936,128079959,45,"C",1,,""
2020,154693946,128079967,40,"A",1,,""
2020,154693956,128079971,27,"C",1,,""
2020,157668644,130696370,51,"C",1,,""
2020,154698640,128083899,5,"C",13,,""
2020,154698645,128080011,44,"C",13,,""
2020,154698585,128079908,16,"C",1,,""
2020,154698638,128083897,5,"C",18,,""
2020,154693990,128083901,51,"C",1,,""
2020,147145888,121549364,44,"C",5,,""
2020,147145891,121549366,5,"C",13,,""
2020,147145895,121549370,51,"C",1,,""
2020,147145896,121549371,16,"C",13,,""
2020,147145902,121549377,16,"C",1,,""
2020,147151368,121549381,39,"C",12,,""
2020,147151367,121549381,28,"C",12,,""
2020,145496906,120074114,14,"C",18,,""
2020,145496907,120074115,51,"C",1,,""
2020,145496908,120074116,16,"C",1,,""
2020,145496909,120074117,39,"C",1,,""
2020,145496910,120074117,16,"C",1,,""
2020,145496911,120074118,39,"C",1,,""
2020,148901513,123068560,40,"C",1,,""
2020,148906529,123068577,51,"C",13,,""
2020,148901533,123068580,18,"C",1,,""
2020,148901542,123068592,14,"C",18,,""
2020,150861214,124520057,27,"C",1,,""
2020,150861238,124520090,51,"C",13,,""
2020,150861258,124520107,45,"C",1,,""
2020,150859199,124520107,5,"C",1,,""
2020,150859204,124520111,16,"C",13,,""
2020,150859207,124520113,39,"C",1,,""
2020,150861273,124520117,51,"C",1,,""
2020,148906609,123059967,51,"C",1,,""
2020,148906607,123059965,5,"C",18,,""
2020,148901686,123068720,16,"C",18,,""
2020,148906610,123059968,16,"C",1,,""
2020,145496974,120074176,16,"C",1,,""
2020,148906611,123059969,51,"C",1,,""
2020,148906612,123059970,56,"C",1,,""
2020,148906613,123059971,7,"C",18,,""
2020,145496976,120074178,16,"C",13,,""
2020,145496977,120074179,16,"C",1,,""
2020,148906614,123059972,44,"C",1,,""
2020,148906615,123059973,16,"C",1,,""
2020,145496991,120074193,51,"C",13,,""
2020,145496995,120074197,5,"C",25,,""
2020,145496997,120074199,5,"C",13,,""
2020,145496998,120074200,51,"C",1,,""
2020,145497001,120074203,51,"C",1,,""
2020,145497002,120074204,14,"C",5,,""
2020,145497003,120074205,51,"C",1,,""
2020,145497004,120074206,51,"C",13,,""
2020,145496980,120074182,5,"C",13,,""
2020,145496983,120074185,16,"C",13,,""
2020,145496984,120074186,16,"C",1,,""
2020,145496985,120074187,16,"C",1,,""
2020,145496986,120074188,16,"C",1,,""
2020,145496987,120074189,39,"C",1,,""
2020,145496988,120074190,40,"A",1,,""
2020,145496989,120074191,5,"C",18,,""
2020,147151362,121551734,5,"C",18,,""
2020,147151361,121551734,14,"C",18,,""
2020,147151365,121551736,51,"C",13,,""
2020,147151366,121551737,51,"C",1,,""
2020,147145906,121551738,18,"C",1,,""
2020,147151376,121551743,16,"C",1,,""
2020,147151377,121551744,16,"C",13,,""
2020,147151381,121551747,16,"C",1,,""
2020,147151383,121551749,40,"C",1,,""
2020,147151385,121551751,21,"C",18,,""
2020,147145939,121551752,51,"C",1,,""
2020,147151389,121551755,51,"C",1,,""
2020,147151391,121551758,16,"C",18,,""
2020,147151392,121551760,16,"C",1,,""
2020,147151393,121551761,18,"C",1,,""
2020,147151399,121551766,14,"C",18,,""
2020,147151400,121551766,5,"C",18,,""
2020,158812759,131719657,45,"C",1,,""
2020,158826196,131721183,40,"A",1,,""
2020,158812780,131721198,5,"C",1,,""
2020,158826278,131721256,40,"A",1,,""
2020,158812819,131719713,5,"C",18,,""
2020,158812858,131721305,5,"C",13,,""
2020,148906509,123059877,51,"C",1,,""
2020,148901536,123068583,51,"C",1,,""
2020,148906524,123068571,45,"C",1,,""
2020,148901539,123068587,51,"C",1,,""
2020,154693848,128079862,51,"C",18,,""
2020,145496840,120074057,16,"C",1,,""
2020,145496843,120074061,51,"C",13,,""
2020,145496844,120074062,56,"C",1,,""
2020,145496851,120074066,39,"C",13,,""
2020,145496852,120074066,16,"C",13,,""
2020,145496857,120074071,51,"C",1,,""
2020,145496863,120074077,27,"C",1,,""
2020,145496864,120074078,16,"C",13,,""
2020,145496866,120074079,5,"C",18,,""
2020,145496867,120074080,44,"C",13,,""
2020,145496868,120074081,45,"C",1,,""
2020,145496869,120074081,51,"C",1,,""
2020,145496870,120074082,16,"C",1,,""
2020,145496913,120074120,14,"C",18,,""
2020,145496915,120074121,16,"C",1,,""
2020,145496914,120074121,39,"C",1,,""
2020,145496919,120074125,16,"C",13,,""
2020,145496920,120074127,16,"C",18,,""
2020,153780374,127194370,5,"C",18,,""
2020,153780392,127194390,18,"C",13,,""
2020,153780453,127194440,5,"C",1,,""
2020,153774729,127190744,56,"C",1,,""
2020,153780455,127194443,56,"C",1,,""
2020,153780459,127194447,51,"C",13,,""
2020,153780418,127194410,44,"C",1,,""
2020,153780422,127194414,51,"C",1,,""
2020,153780430,127194424,51,"C",1,,""
2020,153774717,127190733,51,"C",1,,""
2020,153774742,127190757,5,"C",1,,""
2020,156005190,129228935,44,"C",1,,""
2020,153780379,127194375,5,"C",13,,""
2020,153774658,127190679,56,"C",1,,""
2020,153780410,127194400,51,"C",1,,""
2020,153780420,127194412,5,"C",18,,""
2020,153774700,127190717,5,"C",13,,""
2020,153774708,127194421,56,"C",1,,""
2020,153780429,127194422,39,"C",1,,""
2020,156005194,129241147,28,"C",1,,""
2020,153780454,127194442,51,"C",13,,""
2020,156005197,129241151,5,"C",18,,""
2020,156005202,129228944,45,"C",1,,""
2020,156005204,129228944,5,"C",1,,""
2020,156009620,129228950,27,"C",1,,""
2020,156005220,129241164,27,"C",18,,""
2020,156009636,129228966,56,"C",1,,""
2020,156005227,129241169,51,"C",1,,""
2020,154693922,128083869,45,"C",1,,""
2020,154693949,128079968,51,"C",13,,""
2020,154693951,128079968,5,"C",13,,""
2020,153780405,127194397,40,"C",1,,""
2020,153774707,127194420,51,"C",1,,""
2020,153780426,127194420,5,"C",1,,""
2020,153774642,127194366,45,"C",1,,""
2020,153780411,127194401,51,"C",13,,""
2020,153780414,127194405,5,"C",13,,""
2020,153780467,127194455,51,"C",1,,""
2020,153780364,127194361,5,"C",13,,""
2020,153780390,127194384,5,"C",13,,""
2020,153780399,127190688,7,"C",18,,""
2020,153774706,127190721,7,"C",18,,""
2020,153780428,127194425,45,"C",1,,""
2020,153774712,127194425,27,"C",1,,""
2020,153774724,127194437,5,"C",1,,""
2020,153780462,127194449,16,"C",1,,""
2020,153774736,127194454,44,"C",13,,""
2020,153780406,127194398,51,"C",1,,""
2020,153780438,127194429,21,"C",1,,""
2020,153780375,127194371,51,"C",1,,""
2020,153780452,127190739,51,"C",1,,""
2020,153780457,127194445,51,"C",13,,""
2020,153780464,127194451,51,"C",1,,""
2020,153780470,127194457,51,"C",1,,""
2020,153780380,127194376,45,"C",18,,""
2020,153780381,127194376,5,"C",18,,""
2020,153774662,127194388,16,"C",1,,""
2020,153780403,127190691,27,"C",13,,""
2020,153780435,127194428,5,"C",18,,""
2020,153780486,127194471,40,"C",13,,""
2020,154693831,128083823,51,"C",1,,""
2020,154698592,128079922,27,"C",18,,""
2020,154693905,128079929,51,"C",1,,""
2020,154693925,128079948,44,"C",13,,""
2020,154698635,128083896,5,"C",13,,""
2020,153780484,127194468,5,"C",13,,""
2020,153780427,127194423,5,"C",25,,""
2020,153780456,127194444,5,"C",18,,""
2020,153780478,127194465,27,"C",1,,""
2020,154698530,128079836,51,"C",1,,""
2020,154693957,128083886,51,"C",1,,""
2020,153780373,127194369,51,"C",1,,""
2020,153780404,127194396,45,"C",1,,""
2020,153780442,127190734,16,"C",1,,""
2020,153780463,127194450,45,"C",1,,""
2020,153774734,127194452,51,"C",1,,""
2020,153774743,127194461,5,"C",13,,""
2020,154698542,128079845,51,"C",1,,""
2020,154698563,128079871,40,"C",1,,""
2020,154693944,128083883,5,"C",13,,""
2020,154698644,128083903,51,"C",1,,""
2020,154698588,128079915,40,"C",1,,""
2020,154698623,128083882,51,"C",13,,""
2020,154693953,128083887,21,"C",13,,""
2020,154698641,128083900,5,"C",13,,""
2020,154693996,128083905,40,"C",1,,""
2020,153780485,127194469,51,"C",1,,""
2020,153780398,127190684,51,"C",1,,""
2020,153780480,127194466,45,"C",1,,""
2020,153774731,127194441,5,"C",1,,""
2020,153780472,127194459,27,"C",13,,""
2020,153780481,127194467,51,"C",1,,""
2020,153780367,127194365,5,"C",18,,""
2020,153780370,127194368,45,"C",1,,""
2020,153774699,127194415,39,"C",1,,""
2020,153780431,127194426,51,"C",1,,""
2020,153774727,127190743,40,"C",1,,""
2020,153780460,127194448,51,"C",1,,""
2020,153774735,127194453,5,"C",13,,""
2020,153780474,127194460,51,"C",1,,""
2020,153780395,127190685,51,"C",1,,""
2020,153780396,127190685,5,"C",1,,""
2020,153774665,127190685,27,"C",1,,""
2020,153774671,127190689,16,"C",1,,""
2020,153774670,127190689,51,"C",1,,""
2020,154698557,128079866,45,"C",1,,""
2020,154693849,128079866,5,"C",1,,""
2020,154698591,128079923,16,"C",1,,""
2020,154698593,128083858,40,"C",1,,""
2020,154698603,128083866,51,"C",1,,""
2020,154698605,128083868,16,"C",1,,""
2020,154693961,128079982,5,"C",18,,""
2020,154698626,128079982,40,"A",18,,""
2020,154693991,128083902,5,"C",13,,""
2020,154693989,128083902,27,"C",13,,""
2020,145497095,120074290,16,"C",1,,""
2020,145497096,120074291,16,"C",13,,""
2020,145497097,120074292,16,"C",1,,""
2020,145497098,120074293,16,"C",1,,""
2020,145497099,120074294,16,"C",1,,""
2020,145497100,120074295,51,"C",1,,""
2020,145497101,120074295,5,"C",1,,""
2020,145497102,120074296,45,"C",1,,""
2020,145497104,120074297,16,"C",1,,""
2020,145497103,120074297,51,"C",1,,""
2020,145497105,120074298,16,"C",1,,""
2020,145497106,120074299,16,"C",1,,""
2020,145497107,120074300,16,"C",13,,""
2020,145497108,120074301,51,"C",13,,""
2020,145497109,120074302,51,"C",1,,""
2020,145497110,120074303,21,"C",18,,""
2020,150859148,124520036,51,"C",1,,""
2020,150859155,124526968,40,"C",1,,""
2020,150859167,124520063,7,"C",18,,""
2020,150859174,124520078,7,"C",18,,""
2020,150861241,124526990,45,"C",1,,""
2020,150861246,124520092,5,"C",1,,""
2020,150861253,124527000,16,"C",1,,""
2020,150861272,124527013,51,"C",1,,""
2020,150861193,124520039,51,"C",1,,""
2020,150861194,124520039,16,"C",1,,""
2020,150861198,124520042,27,"C",13,,""
2020,150861204,124520047,51,"C",13,,""
2020,150861206,124520051,51,"C",13,,""
2020,150861213,124526973,40,"C",1,,""
2020,150859170,124520073,18,"C",13,,""
2020,150859184,124520091,16,"C",1,,""
2020,150859205,124527011,18,"C",1,,""
2020,153774649,127190673,5,"C",18,,""
2020,153774710,127190723,51,"C",1,,""
2020,153780437,127190728,51,"C",1,,""
2020,153774722,127190736,56,"C",1,,""
2020,153780450,127194439,14,"C",18,,""
2020,153780451,127194439,5,"C",18,,""
2020,153774732,127190747,18,"C",1,,""
2020,153774744,127194462,5,"C",1,,""
2020,148906616,123059974,16,"C",13,,""
2020,148906617,123059975,16,"C",1,,""
2020,148906618,123059976,16,"C",1,,""
2020,148906619,123059977,5,"C",18,,""
2020,148906621,123059978,18,"C",1,,""
2020,148906622,123059979,16,"C",13,,""
2020,148906623,123059980,5,"C",1,,""
2020,148906625,123059981,40,"C",13,,""
2020,148906626,123059982,51,"C",1,,""
2020,148906628,123059984,16,"C",1,,""
2020,148906629,123059985,16,"C",13,,""
2020,148906630,123059986,51,"C",1,,""
2020,148906631,123059988,16,"C",1,,""
2020,145496814,120074033,51,"C",1,,""
2020,145497005,120074207,51,"C",1,,""
2020,145497007,120074209,27,"C",1,,""
2020,145497047,120074245,51,"C",13,,""
2020,145497052,120074250,16,"C",1,,""
2020,145497053,120074251,16,"C",1,,""
2020,145497054,120074252,16,"C",1,,""
2020,145497055,120074253,51,"C",1,,""
2020,145497056,120074254,16,"C",13,,""
2020,145497058,120074256,16,"C",1,,""
2020,145497059,120074257,18,"C",1,,""
2020,145496821,120074040,18,"C",13,,""
2020,145497060,120074258,51,"C",13,,""
2020,145497061,120074259,18,"A",1,,""
2020,145497062,120074260,51,"C",1,,""
2020,145497063,120074261,44,"C",1,,""
2020,145497064,120074262,51,"C",1,,""
2020,145497065,120074263,16,"C",1,,""
2020,145497066,120074264,51,"C",13,,""
2020,145497068,120074265,35,"C",1,,""
2020,145497067,120074265,16,"C",1,,""
2020,145497070,120074267,27,"C",1,,""
2020,145497072,120074269,5,"C",25,,""
2020,145497075,120074270,35,"C",1,,""
2020,145497073,120074270,51,"C",1,,""
2020,145497074,120074270,16,"C",1,,""
2020,145497076,120074271,5,"C",1,,""
2020,145497078,120074273,51,"C",1,,""
2020,145497079,120074274,51,"C",1,,""
2020,145497080,120074275,5,"C",13,,""
2020,145497081,120074276,51,"C",1,,""
2020,145497084,120074279,18,"C",1,,""
2020,145497085,120074280,16,"C",25,,""
2020,145497087,120074282,16,"C",1,,""
2020,153780385,127194380,51,"C",1,,""
2020,145496928,120074134,16,"C",1,,""
2020,145496938,120074143,16,"C",13,,""
2020,145496940,120074145,16,"C",13,,""
2020,145496950,120074153,51,"C",1,,""
2020,145496951,120074154,28,"C",1,,""
2020,145496952,120074155,5,"C",13,,""
2020,145496954,120074157,5,"C",13,,""
2020,145496957,120074159,16,"C",1,,""
2020,145496958,120074160,45,"C",1,,""
2020,145497008,120074210,5,"C",18,,""
2020,145497009,120074211,5,"C",1,,""
2020,145497010,120074212,16,"C",13,,""
2020,145497012,120074214,16,"C",13,,""
2020,145497014,120074216,45,"C",18,,""
2020,145497018,120074220,16,"C",1,,""
2020,145497019,120074221,2,"C",1,,""
2020,145497020,120074222,16,"C",1,,""
2020,145497022,120074224,39,"C",1,,""
2020,145497023,120074225,51,"C",1,,""
2020,145497024,120074226,51,"C",1,,""
2020,145497028,120074230,45,"C",1,,""
2020,145497029,120074231,51,"C",1,,""
2020,145497030,120074231,44,"C",1,,""
2020,145497034,120074233,5,"C",18,,""
2020,145497033,120074233,21,"A",18,,""
2020,145497032,120074233,14,"C",18,,""
2020,145497035,120074234,45,"C",1,,""
2020,145497036,120074235,18,"C",13,,""
2020,145497038,120074236,5,"C",18,,""
2020,145497037,120074236,14,"C",18,,""
2020,145497042,120074240,16,"C",1,,""
2020,145497044,120074242,51,"C",13,,""
2020,145497077,120074272,51,"C",1,,""
2020,145497082,120074277,18,"C",1,,""
2020,145497086,120074281,18,"A",1,,""
2020,145497088,120074283,16,"C",1,,""
2020,145497089,120074284,16,"C",1,,""
2020,145497090,120074285,18,"A",1,,""
2020,145497091,120074286,7,"C",1,,""
2020,145497092,120074287,5,"C",25,,""
2020,145497094,120074289,51,"C",13,,""
2020,145496746,120073976,51,"C",1,,""
2020,145496874,120074086,16,"C",1,,""
2020,145496875,120074087,16,"C",1,,""
2020,145496877,120074089,16,"C",1,,""
2020,145496883,120074094,16,"C",13,,""
2020,145496884,120074095,16,"C",1,,""
2020,145496889,120074101,5,"C",18,,""
2020,145496894,120074104,5,"C",18,,""
2020,145496893,120074104,21,"A",18,,""
2020,145496895,120074105,16,"C",18,,""
2020,145496898,120074106,16,"C",13,,""
2020,145495832,120074108,27,"C",1,,""
2020,153774663,127190682,5,"C",13,,""
2020,153774693,127190710,5,"C",18,,""
2020,153774692,127190710,14,"C",18,,""
2020,153774697,127190714,27,"C",1,,""
2020,154693824,128083816,39,"C",1,,""
2020,154698537,128083821,51,"C",1,,""
2020,154693856,128083840,51,"C",1,,""
2020,153780369,127194367,5,"C",18,,""
2020,153780382,127194377,18,"C",1,,""
2020,153780394,127190683,5,"C",25,,""
2020,153780441,127194430,51,"C",13,,""
2020,147151426,121551790,51,"C",13,,""
2020,147151427,121551791,56,"C",1,,""
2020,147151428,121551792,18,"C",1,,""
2020,147151429,121551793,16,"C",13,,""
2020,147151434,121551797,40,"C",1,,""
2020,147151436,121551799,51,"C",1,,""
2020,147151443,121551806,40,"C",1,,""
2020,147151444,121551807,51,"C",13,,""
2020,147151445,121551808,51,"C",1,,""
2020,147151446,121551809,51,"C",1,,""
2020,147151447,121551810,5,"C",13,,""
2020,147151448,121551811,51,"C",13,,""
2020,147151449,121551812,18,"C",1,,""
2020,147151450,121551813,40,"C",13,,""
2020,147151451,121551814,51,"C",1,,""
2020,147151452,121551815,40,"C",1,,""
2020,147151421,121551784,5,"C",13,,""
2020,147145978,121551785,40,"A",13,,""
2020,147145979,121551786,51,"C",13,,""
2020,147151423,121551787,51,"C",1,,""
2020,147151424,121551788,14,"C",18,,""
2020,147151409,121551774,51,"C",1,,""
2020,147151411,121551775,5,"C",5,,""
2020,147151410,121551775,51,"C",5,,""
2020,147151412,121551776,18,"C",1,,""
2020,147151413,121551777,44,"C",1,,""
2020,147151416,121551779,51,"C",1,,""
2020,147151417,121551779,28,"C",1,,""
2020,147151418,121551780,51,"C",1,,""
2020,147151419,121551781,51,"C",1,,""
2020,147145974,121551782,27,"C",1,,""
2020,147145975,121551782,35,"C",1,,""
2020,147151420,121551783,51,"C",1,,""
2020,145496770,120073996,18,"C",1,,""
2020,147146093,121549553,16,"C",1,,""
2020,147146094,121549554,16,"C",1,,""
2020,147146095,121549555,16,"C",1,,""
2020,147146096,121549556,39,"C",1,,""
2020,147146097,121549557,51,"C",1,,""
2020,147146098,121549558,51,"C",1,,""
2020,147146103,121549563,27,"C",1,,""
2020,147146104,121549564,14,"C",18,,""
2020,147146105,121549564,5,"C",18,,""
2020,147146108,121549567,16,"C",13,,""
2020,147146109,121549568,16,"C",1,,""
2020,147146110,121549569,28,"C",1,,""
2020,147146111,121549570,16,"C",1,,""
2020,147146112,121549571,16,"C",1,,""
2020,147146113,121549572,51,"C",1,,""
2020,147146115,121549574,27,"C",1,,""
2020,147146116,121549575,51,"C",13,,""
2020,147146117,121549575,39,"C",13,,""
2020,147146119,121549577,18,"C",1,,""
2020,147146120,121549578,16,"C",18,,""
2020,147146121,121549579,16,"C",1,,""
2020,147146123,121549581,51,"C",1,,""
2020,147146124,121549582,16,"C",13,,""
2020,147146125,121549583,16,"C",13,,""
2020,147146126,121549584,16,"C",1,,""
2020,147146127,121549585,16,"C",1,,""
2020,147146128,121549586,16,"C",1,,""
2020,147146129,121549587,16,"C",13,,""
2020,147146130,121549588,16,"C",13,,""
2020,147146131,121549589,51,"C",13,,""
2020,147146132,121549590,5,"C",1,,""
2020,147146135,121549593,18,"C",1,,""
2020,147146136,121549594,40,"C",18,,""
2020,147146137,121549595,5,"C",1,,""
2020,147146138,121549596,51,"C",1,,""
2020,147146139,121549597,16,"C",18,,""
2020,147146140,121549598,16,"C",18,,""
2020,147146141,121549599,16,"C",1,,""
2020,147146142,121549600,16,"C",1,,""
2020,147146144,121549602,51,"C",13,,""
2020,147146145,121549603,16,"C",1,,""
2020,147146148,121549606,51,"C",13,,""
2020,147146149,121549607,51,"C",1,,""
2020,147146152,121549609,5,"C",13,,""
2020,147146151,121549609,51,"C",13,,""
2020,147146153,121549610,16,"C",13,,""
2020,147146154,121549611,28,"C",1,,""
2020,147146155,121549612,18,"C",1,,""
2020,147146156,121549613,45,"C",13,,""
2020,147146157,121549614,18,"C",1,,""
2020,147146161,121549618,40,"C",1,,""
2020,147146162,121549618,39,"C",1,,""
2020,147146163,121549619,51,"C",25,,""
2020,147146164,121549620,16,"C",1,,""
2020,147146165,121549621,45,"C",1,,""
2020,147146166,121549622,18,"C",1,,""
2020,147146167,121549623,5,"C",1,,""
2020,145495715,120089626,16,"C",13,,""
2020,145495777,120089680,16,"C",13,,""
2020,145495781,120089684,51,"C",1,,""
2020,145495783,120089687,16,"C",1,,""
2020,145495786,120089690,45,"C",1,,""
2020,145495789,120089692,5,"C",25,,""
2020,150861181,124526954,16,"C",1,,""
2020,150859160,124520056,45,"C",1,,""
2020,150861223,124520069,16,"C",1,,""
2020,150859173,124520077,16,"C",1,,""
2020,150859175,124520081,18,"C",13,,""
2020,150859185,124526988,5,"C",18,,""
2020,150861256,124520101,36,"C",1,,""
2020,150861261,124527001,51,"C",13,,""
2020,145495724,120089633,16,"C",1,,""
2020,148906527,123059892,56,"C",1,,""
2020,148906534,123068588,51,"C",1,,""
2020,148906533,123068588,27,"C",1,,""
2020,148906537,123059899,47,"C",18,,""
2020,145495726,120089635,16,"C",1,,""
2020,145495737,120089644,16,"C",1,,""
2020,148906600,123059960,51,"C",13,,""
2020,145495768,120089671,16,"C",1,,""
2020,148906602,123059962,51,"C",1,,""
2020,145495790,120089693,16,"C",1,,""
2020,145495794,120089697,51,"C",1,,""
2020,145495796,120089699,18,"A",1,,""
2020,145495802,120089704,5,"C",13,,""
2020,145495811,120089712,51,"C",1,,""
2020,145495813,120089714,21,"C",18,,""
2020,145495816,120089717,51,"C",1,,""
2020,145495818,120089718,16,"C",1,,""
2020,145495819,120089719,21,"A",18,,""
2020,145495820,120089719,5,"C",18,,""
2020,145496891,120074103,45,"C",1,,""
2020,145495830,120089732,51,"C",13,,""
2020,145495836,120089738,40,"C",1,,""
2020,145495838,120089739,35,"C",18,,""
2020,145495837,120089739,16,"C",18,,""
2020,145495839,120089740,14,"C",18,,""
2020,145495841,120089742,16,"C",13,,""
2020,145495842,120089743,16,"C",1,,""
2020,145495845,120089746,44,"C",1,,""
2020,145495846,120089747,16,"C",1,,""
2020,145495847,120089748,39,"C",1,,""
2020,145495848,120089749,39,"C",13,,""
2020,147147264,121535892,51,"C",1,,""
2020,147146081,121549541,18,"C",1,,""
2020,147146082,121549542,16,"C",1,,""
2020,147146084,121549544,51,"C",13,,""
2020,147146085,121549545,40,"C",1,,""
2020,147146086,121549546,51,"C",1,,""
2020,147146089,121549549,16,"C",1,,""
2020,147146090,121549550,51,"C",1,,""
2020,147146091,121549551,51,"C",1,,""
2020,147146092,121549552,5,"C",1,,""
2020,147145990,121549457,51,"C",1,,""
2020,147145993,121549460,16,"C",13,,""
2020,147145995,121549462,16,"C",1,,""
2020,147151437,121549463,16,"C",13,,""
2020,147145997,121549465,56,"C",1,,""
2020,147145998,121549466,51,"C",1,,""
2020,147146005,121549472,51,"C",1,,""
2020,147146012,121549479,39,"C",20,,""
2020,147146015,121549481,51,"C",13,,""
2020,147146016,121549482,16,"C",13,,""
2020,147146017,121549483,16,"C",1,,""
2020,147146018,121549484,16,"C",13,,""
2020,147146019,121549485,16,"C",13,,""
2020,147146020,121549486,16,"C",13,,""
2020,147146021,121549487,16,"C",13,,""
2020,147146022,121549488,56,"C",13,,""
2020,147146025,121549491,40,"C",1,,""
2020,147146028,121549493,39,"C",1,,""
2020,147146031,121549496,16,"C",1,,""
2020,147146033,121549498,16,"C",1,,""
2020,147146034,121549499,16,"C",13,,""
2020,147146036,121549500,16,"C",1,,""
2020,147146035,121549500,51,"C",1,,""
2020,147146038,121549502,16,"C",1,,""
2020,147146039,121549503,16,"C",1,,""
2020,147146040,121549504,16,"C",1,,""
2020,147145970,121549440,51,"C",1,,""
2020,147145971,121549442,16,"C",1,,""
2020,147145972,121549443,16,"C",1,,""
2020,147145973,121549444,51,"C",1,,""
2020,147145976,121549445,39,"C",1,,""
2020,147145977,121549446,16,"C",1,,""
2020,147151422,121549449,44,"C",13,,""
2020,147145984,121549450,51,"C",13,,""
2020,147145986,121549452,27,"C",13,,""
2020,147145989,121549456,18,"C",1,,""
2020,147146041,121549505,16,"C",1,,""
2020,147146042,121549506,16,"C",18,,""
2020,147146046,121549509,45,"C",13,,""
2020,147146050,121549512,51,"C",1,,""
2020,147146053,121549515,51,"C",1,,""
2020,147146054,121549516,16,"C",13,,""
2020,147146055,121549517,5,"C",1,,""
2020,147146061,121549522,13,"C",1,,""
2020,147146062,121549523,28,"C",1,,""
2020,147146063,121549524,16,"C",13,,""
2020,147146065,121549526,13,"C",1,,""
2020,147146066,121549527,51,"C",1,,""
2020,147146069,121549530,16,"C",1,,""
2020,147146073,121549533,35,"C",1,,""
2020,147146072,121549533,51,"C",1,,""
2020,147146074,121549534,51,"C",1,,""
2020,147146075,121549535,16,"C",13,,""
2020,147146076,121549536,16,"C",13,,""
2020,147146077,121549537,16,"C",13,,""
2020,147146078,121549538,16,"C",1,,""
2020,147146079,121549539,16,"C",13,,""
2020,150861203,124520050,18,"C",1,,""
2020,150859187,124526993,14,"C",18,,""
2020,150861274,124520115,51,"C",1,,""
2020,153774644,127190669,27,"C",1,,""
2020,153774650,127190674,44,"C",1,,""
2020,153774704,127190719,5,"C",1,,""
2020,153780366,127194364,51,"C",13,,""
2020,153774657,127190680,27,"C",13,,""
2020,153780388,127190680,39,"C",13,,""
2020,153774726,127190741,51,"C",1,,""
2020,153780461,127190746,51,"C",1,,""
2020,153774733,127190748,45,"C",1,,""
2020,153780465,127190749,27,"C",1,,""
2020,153780412,127194402,45,"C",13,,""
2020,153774694,127190711,51,"C",13,,""
2020,153774701,127190718,16,"C",1,,""
2020,153774714,127190726,45,"C",1,,""
2020,153780447,127194435,27,"C",1,,""
2020,154698541,128083826,16,"C",1,,""
2020,154698540,128083826,51,"C",1,,""
2020,154693853,128083835,51,"C",1,,""
2020,154693891,128083855,45,"C",1,,""
2020,154698597,128079936,5,"C",18,,""
2020,154698596,128079936,7,"C",18,,""
2020,148906523,123059889,51,"C",1,,""
2020,147147257,121549354,51,"C",1,,""
2020,147145909,121549385,16,"C",18,,""
2020,147145912,121549388,45,"C",1,,""
2020,147145916,121549391,40,"C",1,,""
2020,147145917,121549391,5,"C",1,,""
2020,147145918,121549392,18,"C",1,,""
2020,147145919,121549393,5,"C",13,,""
2020,147145922,121549397,16,"C",1,,""
2020,147151379,121549401,27,"C",1,,""
2020,147145886,121549362,16,"C",13,,""
2020,147151358,121551730,39,"C",1,,""
2020,154698554,128079863,16,"C",13,,""
2020,147145897,121549372,5,"C",18,,""
2020,154693850,128083838,16,"C",13,,""
2020,154698562,128079870,5,"C",13,,""
2020,147145904,121549379,16,"C",1,,""
2020,147145907,121549383,16,"C",1,,""
2020,147145908,121549384,18,"C",1,,""
2020,147145910,121549386,16,"C",1,,""
2020,147145920,121549395,44,"C",1,,""
2020,147145923,121549398,18,"C",1,,""
2020,147145924,121549399,51,"C",1,,""
2020,147145926,121549402,51,"C",1,,""
2020,147145928,121549403,51,"C",1,,""
2020,154698590,128083857,56,"C",1,,""
2020,154693919,128079943,45,"C",1,,""
2020,147145938,121549413,16,"C",1,,""
2020,147145941,121549415,40,"A",1,,""
2020,147151386,121551753,51,"C",1,,""
2020,147151388,121549416,51,"C",1,,""
2020,147145942,121549417,14,"C",18,,""
2020,147145943,121549417,5,"C",18,,""
2020,147145944,121549418,51,"C",1,,""
2020,147151390,121551756,45,"C",1,,""
2020,147145946,121549419,51,"C",1,,""
2020,154693920,128079945,45,"C",1,,""
2020,154698604,128079945,35,"C",1,,""
2020,154698610,128079949,27,"C",1,,""
2020,147145951,121549423,51,"C",1,,""
2020,147145952,121549424,51,"C",1,,""
2020,147145953,121549425,44,"C",1,,""
2020,147145954,121549426,44,"C",1,,""
2020,147145955,121549427,5,"C",25,,""
2020,147145956,121549428,5,"C",25,,""
2020,147145957,121549429,14,"C",18,,""
2020,147145958,121549429,5,"C",18,,""
2020,147145959,121549430,51,"C",1,,""
2020,147145960,121549431,51,"C",1,,""
2020,147145961,121549432,56,"C",13,,""
2020,147145962,121549433,16,"C",13,,""
2020,147145963,121549434,40,"A",1,,""
2020,147145964,121549435,44,"C",1,,""
2020,147145965,121549436,16,"C",1,,""
2020,147145966,121549436,35,"C",1,,""
2020,147145967,121549437,16,"C",1,,""
2020,147145968,121549438,56,"C",1,,""
2020,147145969,121549439,51,"C",1,,""
2020,147145881,121535886,16,"C",13,,""
2020,148901547,123068596,51,"C",1,,""
2020,148901548,123068597,51,"C",1,,""
2020,148901552,123068600,40,"C",1,,""
2020,148901554,123068602,21,"C",18,,""
2020,148901556,123068604,5,"C",1,,""
2020,148901557,123068605,5,"C",25,,""
2020,148901558,123068606,5,"C",13,,""
2020,148901561,123068609,44,"C",1,,""
2020,148901563,123068610,5,"C",18,,""
2020,148901562,123068610,21,"A",18,,""
2020,148901564,123068611,16,"C",1,,""
2020,148901565,123068612,51,"C",1,,""
2020,148901568,123068614,45,"C",1,,""
2020,148901567,123068615,27,"C",1,,""
2020,148901569,123068615,39,"C",1,,""
2020,148901572,123068618,44,"C",1,,""
2020,148901573,123068619,51,"C",1,,""
2020,148901575,123068621,40,"C",1,,""
2020,148901576,123068622,51,"C",1,,""
2020,148901577,123068623,51,"C",1,,""
2020,148901578,123068624,5,"C",13,,""
2020,148901579,123068625,51,"C",1,,""
2020,148901583,123068628,47,"C",5,,""
2020,148901584,123068629,2,"C",1,,""
2020,148901585,123068630,39,"C",1,,""
2020,148901586,123068631,51,"C",13,,""
2020,148906549,123068634,5,"C",1,,""
2020,148901589,123068635,45,"C",1,,""
2020,148901591,123068637,51,"C",18,,""
2020,148901592,123068638,51,"C",1,,""
2020,148901593,123068639,16,"C",1,,""
2020,148901595,123068640,44,"C",13,,""
2020,148901596,123068640,5,"C",13,,""
2020,148901597,123068642,51,"C",1,,""
2020,148901599,123068644,51,"C",1,,""
2020,148901601,123068646,40,"C",13,,""
2020,148901602,123068646,5,"C",13,,""
2020,148901603,123068647,44,"C",13,,""
2020,148901606,123068649,51,"C",18,,""
2020,148901607,123068650,27,"C",13,,""
2020,148901608,123068651,14,"C",18,,""
2020,148901609,123068651,5,"C",18,,""
2020,148901610,123068652,5,"C",1,,""
2020,148906558,123068653,14,"C",18,,""
2020,148906559,123068653,5,"C",18,,""
2020,148901612,123068654,13,"C",1,,""
2020,148901614,123068655,7,"C",18,,""
2020,148901616,123068656,51,"C",1,,""
2020,148901618,123068657,5,"C",18,,""
2020,148901619,123068658,51,"C",1,,""
2020,148901620,123068659,51,"C",13,,""
2020,148901622,123068661,51,"C",13,,""
2020,148901624,123068663,45,"C",1,,""
2020,148901625,123068664,51,"C",13,,""
2020,148901626,123068665,39,"C",7,,""
2020,148901627,123068666,45,"C",1,,""
2020,148901628,123068667,18,"C",1,,""
2020,148901629,123068668,40,"C",1,,""
2020,148901632,123068671,32,"C",1,,""
2020,148901633,123068672,16,"C",1,,""
2020,148901634,123068673,27,"C",1,,""
2020,148901635,123068674,16,"C",1,,""
2020,148906570,123059931,13,"C",1,,""
2020,148901637,123068676,51,"C",13,,""
2020,148901638,123068677,51,"C",1,,""
2020,148901639,123068678,5,"C",13,,""
2020,148901640,123068679,5,"C",1,,""
2020,148901642,123068681,5,"C",13,,""
2020,148901643,123068682,51,"C",1,,""
2020,148901644,123068683,51,"C",1,,""
2020,148901645,123068684,16,"C",18,,""
2020,148901646,123068685,16,"C",18,,""
2020,148901648,123068687,51,"C",1,,""
2020,148901649,123068688,41,"C",1,,""
2020,148901650,123068689,51,"C",13,,""
2020,148901651,123068689,16,"C",13,,""
2020,148901652,123068690,51,"C",1,,""
2020,148901653,123068691,51,"C",1,,""
2020,148901654,123068692,18,"C",1,,""
2020,148901655,123068693,13,"C",13,,""
2020,148901656,123068694,51,"C",1,,""
2020,148901657,123068695,51,"C",1,,""
2020,148906589,123068697,40,"A",1,,""
2020,148901659,123068698,5,"C",1,,""
2020,148901660,123068699,16,"C",1,,""
2020,148901661,123068700,51,"C",1,,""
2020,148901662,123068700,39,"C",1,,""
2020,148901664,123068701,5,"C",1,,""
2020,148901663,123068701,51,"C",1,,""
2020,148901665,123068702,51,"C",1,,""
2020,148901666,123068703,51,"C",1,,""
2020,148901667,123068703,16,"C",1,,""
2020,148906596,123059955,40,"A",1,,""
2020,148901668,123068704,45,"C",1,,""
2020,148901669,123068705,51,"C",1,,""
2020,148901672,123068707,18,"C",1,,""
2020,148901673,123068708,51,"C",1,,""
2020,148901674,123068709,51,"C",1,,""
2020,148901676,123068710,5,"C",18,,""
2020,148901675,123068710,7,"C",18,,""
2020,148901678,123068712,40,"C",1,,""
2020,148901679,123068713,16,"C",13,,""
2020,148906604,123068714,16,"C",13,,""
2020,148901680,123068715,45,"C",1,,""
2020,148901681,123068716,27,"C",1,,""
2020,148901684,123068718,18,"C",13,,""
2020,148901685,123068719,16,"C",1,,""
2020,148901687,123068721,51,"C",13,,""
2020,148901689,123068723,7,"C",18,,""
2020,148901690,123068723,5,"C",18,,""
2020,148901691,123068724,40,"C",1,,""
2020,148901692,123068724,39,"C",1,,""
2020,148901696,123068727,51,"C",13,,""
2020,148901695,123068727,44,"C",13,,""
2020,148901697,123068728,16,"C",13,,""
2020,148901698,123068729,18,"C",1,,""
2020,148901701,123068732,40,"C",1,,""
2020,148901705,123068736,18,"C",1,,""
2020,148901706,123068737,5,"C",13,,""
2020,148901707,123068738,16,"C",1,,""
2020,148901708,123068739,16,"C",1,,""
2020,148901709,123068740,51,"C",1,,""
2020,148906620,123068741,5,"C",13,,""
2020,148901710,123068742,5,"C",1,,""
2020,148906624,123068744,40,"C",1,,""
2020,148906627,123059983,51,"C",13,,""
2020,148901713,123068746,51,"C",1,,""
2020,148901714,123068747,51,"C",1,,""
2020,148901715,123068748,51,"C",1,,""
2020,148901717,123068749,40,"C",1,,""
2020,148901718,123068750,51,"C",1,,""
2020,148901720,123068752,7,"C",18,,""
2020,148901723,123068755,45,"C",13,,""
2020,148901724,123068756,51,"C",1,,""
2020,148901726,123068758,51,"C",13,,""
2020,148901727,123068758,16,"C",13,,""
2020,148901729,123068759,45,"C",1,,""
2020,148901730,123068760,44,"C",1,,""
2020,148901731,123068760,51,"C",1,,""
2020,148901732,123068761,56,"C",1,,""
2020,148906642,123068762,45,"A",1,,""
2020,148901733,123068763,18,"C",1,,""
2020,148901734,123068764,45,"A",1,,""
2020,148901735,123068765,16,"C",1,,""
2020,148906644,123068766,18,"C",1,,""
2020,148901736,123060001,18,"C",1,,""
2020,148901737,123068767,40,"A",1,,""
2020,148901738,123068768,40,"A",13,,""
2020,148906648,123060004,45,"C",1,,""
2020,148906651,123068771,16,"C",1,,""
2020,148906653,123060006,5,"C",1,,""
2020,148906652,123060006,51,"C",1,,""
2020,148906655,123068772,5,"C",18,,""
2020,148906654,123068772,14,"C",18,,""
2020,148901741,123068773,16,"C",1,,""
2020,148901742,123068774,18,"C",1,,""
2020,148906657,123068775,18,"C",1,,""
2020,148901743,123068776,16,"C",1,,""
2020,148901744,123068777,2,"C",1,,""
2020,148901745,123068778,51,"C",1,,""
2020,148901746,123068779,51,"C",1,,""
2020,148901747,123068780,51,"C",1,,""
2020,148901748,123068781,16,"C",13,,""
2020,148901749,123068782,16,"C",1,,""
2020,148901750,123068783,16,"C",1,,""
2020,148901751,123068784,16,"C",1,,""
2020,148901752,123068785,16,"C",1,,""
2020,148901753,123068786,51,"C",1,,""
2020,148901755,123068788,51,"C",1,,""
2020,148901756,123068789,51,"C",1,,""
2020,148901757,123068790,14,"C",18,,""
2020,148901758,123068790,5,"C",18,,""
2020,148901759,123068791,18,"C",1,,""
2020,148901762,123068794,51,"C",1,,""
2020,148906515,123059882,13,"C",1,,""
2020,148906526,123059891,40,"C",1,,""
2020,148906531,123059895,5,"C",13,,""
2020,148901543,123059896,18,"C",1,,""
2020,148901544,123068593,44,"C",1,,""
2020,154698615,128083876,51,"C",1,,""
2020,148906541,123059903,51,"C",13,,""
2020,148906542,123059903,5,"C",13,,""
2020,148906543,123059904,4,"C",13,,""
2020,154698618,128079955,40,"C",1,,""
2020,148906545,123059906,5,"C",13,,""
2020,154693955,128079976,40,"C",1,,""
2020,148906550,123059909,5,"C",13,,""
2020,148906551,123059910,44,"C",1,,""
2020,148906552,123059911,13,"A",1,,""
2020,148906553,123059912,16,"C",18,,""
2020,148906554,123059912,35,"C",18,,""
2020,148906556,123059915,51,"C",1,,""
2020,148906557,123059916,5,"C",13,,""
2020,148901611,123059917,40,"C",1,,""
2020,148901613,123059918,27,"C",1,,""
2020,148901615,123059919,5,"C",13,,""
2020,148906560,123059920,51,"C",1,,""
2020,148901617,123059921,51,"C",1,,""
2020,148906561,123059922,44,"C",25,,""
2020,148906562,123059923,5,"C",13,,""
2020,148906563,123059924,18,"C",1,,""
2020,148906564,123059925,51,"C",13,,""
2020,148906565,123059926,16,"C",1,,""
2020,154693978,128079998,27,"C",1,,""
2020,148906567,123059928,51,"C",1,,""
2020,148906568,123059929,45,"C",1,,""
2020,148906569,123059930,18,"C",1,,""
2020,148906571,123059932,40,"A",1,,""
2020,148906572,123059933,51,"C",1,,""
2020,148906573,123059934,18,"C",13,,""
2020,148906574,123059935,18,"C",1,,""
2020,148906576,123059937,5,"C",25,,""
2020,148906577,123059938,5,"C",25,,""
2020,148906578,123059939,45,"C",13,,""
2020,148906579,123059940,51,"C",1,,""
2020,148906581,123059941,5,"C",18,,""
2020,148906580,123059941,14,"C",18,,""
2020,148906582,123059942,51,"C",1,,""
2020,148906583,123059943,51,"C",1,,""
2020,148906586,123059946,40,"C",18,,""
2020,148906587,123059947,44,"C",1,,""
2020,148906593,123059952,18,"C",1,,""
2020,148906594,123059953,18,"C",1,,""
2020,148906595,123059954,51,"C",1,,""
2020,148906597,123059956,51,"C",1,,""
2020,148906598,123059957,51,"C",1,,""
2020,148906633,123059990,16,"C",1,,""
2020,148901721,123068753,14,"C",18,,""
2020,148906635,123059992,56,"C",13,,""
2020,148906637,123059994,51,"C",1,,""
2020,148906638,123059995,51,"C",13,,""
2020,148906640,123059996,39,"C",1,,""
2020,148906639,123059996,51,"C",1,,""
2020,148901728,123059997,16,"C",1,,""
2020,148906641,123059998,5,"C",1,,""
2020,148906643,123059999,45,"C",25,,""
2020,148906645,123060000,51,"C",1,,""
2020,148906646,123060002,27,"C",1,,""
2020,148906647,123060003,7,"C",18,,""
2020,148901739,123068769,5,"C",13,,""
2020,148901740,123068770,51,"C",1,,""
2020,148906650,123068770,18,"C",1,,""
2020,148906656,123060007,51,"C",1,,""
2020,148906658,123060008,40,"C",1,,""
2020,148906660,123060010,5,"C",5,,""
2020,148906661,123060011,51,"C",13,,""
2020,148906662,123060012,13,"C",1,,""
2020,148906663,123060013,5,"C",1,,""
2020,148906664,123060014,51,"C",1,,""
2020,150861195,124520038,51,"C",13,,""
2020,150861211,124526972,5,"C",18,,""
2020,150859164,124520060,51,"C",1,,""
2020,153774676,127190695,51,"C",13,,""
2020,153774686,127194404,5,"C",13,,""
2020,153774698,127190715,45,"C",13,,""
2020,153774720,127194434,5,"C",13,,""
2020,153774730,127190745,5,"C",13,,""
2020,153774739,127190754,27,"C",13,,""
2020,153780475,127190758,44,"C",13,,""
2020,150859203,124527006,16,"C",13,,""
2020,151877634,125412384,5,"C",1,,""
2020,151872615,125412384,45,"C",1,,""
2020,151872635,125431166,51,"C",1,,""
2020,151877657,125412408,39,"C",1,,""
2020,151877671,125412421,45,"C",1,,""
2020,151877689,125412437,56,"C",1,,""
2020,151877702,125412446,5,"C",1,,""
2020,151877700,125412450,45,"C",13,,""
2020,151877744,125412476,5,"C",13,,""
2020,151872618,125412386,51,"C",1,,""
2020,151877646,125412395,5,"C",13,,""
2020,151872639,125412406,51,"C",18,,""
2020,151872645,125431175,20,"C",1,,""
2020,151877677,125412425,56,"C",1,,""
2020,151877701,125412445,40,"C",13,,""
2020,151877721,125431221,5,"C",1,,""
2020,151877720,125431221,11,"C",1,,""
2020,151877719,125431221,51,"C",1,,""
2020,151877752,125412482,51,"C",1,,""
2020,151872705,125412487,5,"C",18,,""
2020,151872626,125412392,5,"C",1,,""
2020,151877650,125412400,51,"C",13,,""
2020,151872646,125431176,5,"C",1,,""
2020,151877666,125431183,18,"C",1,,""
2020,151872700,125412480,39,"C",13,,""
2020,151877749,125412480,27,"C",13,,""
2020,151872711,125412496,45,"C",1,,""
2020,151872712,125412496,5,"C",1,,""
2020,151877636,125412383,45,"C",1,,""
2020,151877639,125431154,51,"C",13,,""
2020,151872627,125431158,16,"C",1,,""
2020,151877647,125412399,5,"C",13,,""
2020,151877648,125431165,5,"C",25,,""
2020,151877652,125412402,44,"C",1,,""
2020,151872640,125412405,5,"C",13,,""
2020,151877656,125412407,5,"C",1,,""
2020,151872641,125412409,40,"C",13,,""
2020,151872642,125412411,40,"C",1,,""
2020,151872647,125412413,40,"C",1,,""
2020,151872652,125431181,51,"C",1,,""
2020,151877665,125412417,16,"C",1,,""
2020,151877668,125412418,51,"C",1,,""
2020,151872653,125412419,51,"C",1,,""
2020,151872657,125431188,39,"C",1,,""
2020,151877673,125412422,27,"C",1,,""
2020,151877674,125412422,16,"C",1,,""
2020,151877679,125412427,7,"C",18,,""
2020,151877681,125412429,51,"C",1,,""
2020,151872667,125412434,18,"C",1,,""
2020,151877687,125412435,5,"C",13,,""
2020,151877694,125412440,5,"C",25,,""
2020,151872675,125431204,51,"C",13,,""
2020,151877703,125412448,5,"C",1,,""
2020,151877706,125412452,5,"C",1,,""
2020,151877708,125412453,51,"C",1,,""
2020,151877709,125412453,39,"C",1,,""
2020,151872682,125412453,44,"C",1,,""
2020,151877711,125412454,51,"C",13,,""
2020,151872684,125431214,5,"C",1,,""
2020,151877715,125431216,45,"C",1,,""
2020,151877718,125412459,45,"C",1,,""
2020,151877722,125412460,51,"C",1,,""
2020,151877724,125412462,5,"C",1,,""
2020,151877730,125412464,5,"C",1,,""
2020,151877731,125412465,5,"C",1,,""
2020,151877732,125412466,5,"C",1,,""
2020,151877736,125412469,5,"C",13,,""
2020,151872694,125412470,5,"C",1,,""
2020,151877740,125412472,45,"C",18,,""
2020,151877741,125431233,5,"C",1,,""
2020,151872699,125412479,51,"C",1,,""
2020,151872703,125412484,5,"C",1,,""
2020,151877754,125412485,18,"C",1,,""
2020,151872708,125431243,51,"C",1,,""
2020,151877759,125412493,51,"C",1,,""
2020,151877762,125412495,51,"C",1,,""
2020,151877766,125412498,5,"C",13,,""
2020,151872714,125412500,5,"C",1,,""
2020,151872722,125412504,45,"C",1,,""
2020,151872721,125412505,5,"C",13,,""
2020,154693826,128079838,35,"C",1,,""
2020,154698546,128079850,40,"C",18,,""
2020,154693845,128079860,5,"C",13,,""
2020,154693884,128079903,45,"C",13,,""
2020,154693899,128079921,45,"C",1,,""
2020,154693914,128079935,27,"C",13,,""
2020,154698600,128079941,5,"C",13,,""
2020,154698609,128083870,51,"C",1,,""
2020,154693930,128083875,51,"C",1,,""
2020,154698614,128079953,45,"C",1,,""
2020,154693942,128079963,16,"C",1,,""
2020,154693947,128079969,5,"C",13,,""
2020,154698629,128079983,40,"C",1,,""
2020,154698634,128079996,44,"C",13,,""
2020,154693994,128080010,18,"C",1,,""
2020,154698646,128080013,45,"C",1,,""
2020,151877664,125431179,51,"C",1,,""
2020,151877698,125431208,39,"C",1,,""
2020,151872676,125431208,16,"C",1,,""
2020,151877712,125412456,5,"C",13,,""
2020,151872678,125412444,45,"C",1,,""
2020,151877704,125412447,5,"C",1,,""
2020,151872686,125431217,21,"C",1,,""
2020,151872690,125412463,40,"C",13,,""
2020,151877739,125431236,40,"C",1,,""
2020,151872706,125412489,51,"C",1,,""
2020,150861218,124526977,40,"C",1,,""
2020,150859172,124520076,5,"C",13,,""
2020,151872630,125412396,16,"C",1,,""
2020,151877653,125412403,14,"C",18,,""
2020,151877655,125412403,5,"C",18,,""
2020,151877690,125412438,51,"C",1,,""
2020,151877705,125412449,5,"C",1,,""
2020,151877735,125412468,5,"C",1,,""
2020,151872698,125412477,5,"C",1,,""
2020,151877755,125412488,45,"C",1,,""
2020,151877772,125431251,44,"C",1,,""
2020,151872649,125431177,18,"C",1,,""
2020,151872668,125431200,7,"C",18,,""
2020,151877717,125412458,51,"C",1,,""
2020,151877723,125412461,45,"C",1,,""
2020,151872713,125431246,56,"C",1,,""
2020,154693827,128083818,40,"C",1,,""
2020,154693852,128083836,27,"C",1,,""
2020,154693880,128079896,51,"C",1,,""
2020,154693886,128079906,51,"C",1,,""
2020,154693897,128079917,45,"C",1,,""
2020,154698611,128079950,44,"C",1,,""
2020,154693935,128079960,5,"C",18,,""
2020,150861227,124520074,2,"C",18,,""
2020,150859169,124526978,27,"C",1,,""
2020,150859179,124520083,51,"C",1,,""
2020,150861226,124526980,51,"C",1,,""
2020,150859163,124520058,45,"C",1,,""
2020,150859181,124520087,51,"C",1,,""
2020,150861249,124526996,40,"A",1,,""
2020,150861269,124527010,16,"C",1,,""
2020,150861276,124520118,51,"C",1,,""
2020,150861192,124520037,27,"C",1,,""
2020,150861191,124520037,32,"C",1,,""
2020,150859158,124520053,16,"C",1,,""
2020,150861221,124520067,51,"C",1,,""
2020,150859200,124527002,39,"C",1,,""
2020,150859150,124526964,45,"C",1,,""
2020,150859154,124520044,51,"C",1,,""
2020,150859189,124520095,40,"C",1,,""
2020,150859183,124520089,51,"C",1,,""
2020,150861270,124520114,16,"C",1,,""
2020,150859198,124520104,51,"C",1,,""
2020,150859202,124520109,40,"A",1,,""
2020,150861275,124520116,51,"C",1,,""
2020,150859141,124520027,51,"C",13,,""
2020,150861200,124520045,27,"C",1,,""
2020,150861210,124520055,51,"C",13,,""
2020,150861233,124526983,51,"C",1,,""
2020,150861242,124526992,5,"C",13,,""
2020,153774677,127190696,5,"C",13,,""
2020,153774678,127190699,36,"C",1,,""
2020,153774691,127190708,5,"C",13,,""
2020,153774695,127190712,16,"C",1,,""
2020,153774713,127190725,56,"C",1,,""
2020,153774718,127194432,14,"C",25,,""
2020,153780473,127190756,16,"C",1,,""
2020,153780479,127194464,45,"C",1,,""
2020,153780482,127190759,51,"C",1,,""
2020,153780483,127190759,16,"C",1,,""
2020,154693835,128079848,5,"C",1,,""
2020,154693927,128083872,27,"C",1,,""
2020,153780445,127190737,56,"C",1,,""
2020,153774725,127190740,27,"C",1,,""
2020,150861219,124520065,27,"C",1,,""
2020,150859182,124520088,5,"C",1,,""
2020,150861248,124520097,51,"C",13,,""
2020,150861264,124527009,40,"C",1,,""
2020,153780383,127190676,35,"C",1,,""
2020,153780384,127190676,16,"C",1,,""
2020,153780393,127194389,51,"C",13,,""
2020,153774721,127190735,45,"C",1,,""
2020,153774737,127190751,51,"C",1,,""
2020,154693889,128079909,16,"C",1,,""
2020,154698594,128083860,51,"C",1,,""
2020,154693950,128079975,27,"C",1,,""
2020,154698613,128079952,45,"C",1,,""
2020,150861184,124520031,51,"C",1,,""
2020,150861209,124526970,5,"C",13,,""
2020,150861231,124526982,51,"C",1,,""
2020,150861236,124526985,5,"C",1,,""
2020,150861245,124526991,51,"C",1,,""
2020,150859190,124526995,51,"C",1,,""
2020,150859191,124526997,21,"C",18,,""
2020,150859194,124520099,45,"C",1,,""
2020,150859195,124520099,5,"C",1,,""
2020,150861251,124520100,39,"C",1,,""
2020,150859192,124520100,40,"C",1,,""
2020,150861250,124520100,51,"C",1,,""
2020,150861266,124520112,5,"C",13,,""
2020,150861271,124527016,51,"C",1,,""
2020,150859168,124520066,51,"C",1,,""
2020,150859137,124526947,27,"C",1,,""
2020,150861259,124520106,16,"C",13,,""
2020,150861268,124527008,45,"C",1,,""
2020,150859161,124526975,5,"C",18,,""
2020,150861212,124526975,7,"C",18,,""
2020,150861232,124520079,45,"C",13,,""
2020,150859193,124526998,16,"C",1,,""
2020,150861262,124527003,51,"C",1,,""
2020,150859209,124527015,39,"C",1,,""
2020,153774673,127190692,45,"C",1,,""
2020,153774703,127190720,16,"C",1,,""
2020,153774716,127190731,51,"C",13,,""
2020,151872624,125431156,5,"C",1,,""
2020,151872631,125431164,18,"C",1,,""
2020,154698580,128079898,5,"C",1,,""
2020,154693885,128079904,51,"C",1,,""
2020,154698587,128079911,27,"C",1,,""
2020,154693921,128079944,40,"C",1,,""
2020,154693962,128079977,5,"C",13,,""
2020,154693975,128083893,51,"C",1,,""
2020,154693982,128080003,40,"C",13,,""
2020,154693985,128080004,51,"C",1,,""
2020,153774643,127190668,35,"C",1,,""
2020,153780371,127190668,45,"C",1,,""
2020,153780372,127190668,16,"C",1,,""
2020,153774648,127190672,5,"C",1,,""
2020,153774654,127190677,16,"C",18,,""
2020,153774672,127194395,44,"C",1,,""
2020,153774674,127190693,18,"C",1,,""
2020,153774680,127190701,27,"C",1,,""
2020,153774681,127190701,51,"C",1,,""
2020,153774690,127190709,45,"C",1,,""
2020,153774709,127190722,51,"C",1,,""
2020,153780468,127190752,5,"C",1,,""
2020,153780471,127194458,45,"C",1,,""
2020,153774740,127190755,40,"C",1,,""
2020,153774741,127190755,5,"C",1,,""
2020,150859140,124526953,51,"C",18,,""
2020,150861207,124526969,5,"C",13,,""
2020,150861234,124520084,51,"C",1,,""
2020,150859176,124520084,44,"C",1,,""
2020,150861237,124526986,40,"C",1,,""
2020,150861197,124520041,5,"C",13,,""
2020,150859153,124520043,5,"C",13,,""
2020,150861208,124520054,27,"C",1,,""
2020,150861176,124526949,35,"C",1,,""
2020,150861247,124520096,51,"C",1,,""
2020,150859206,124527012,39,"C",1,,""
2020,154698636,128080001,40,"C",1,,""
2020,150859186,124520093,16,"C",1,,""
2020,150859196,124526999,45,"C",1,,""
2020,150859166,124526976,51,"C",1,,""
2020,150859201,124527004,51,"C",1,,""
2020,150861178,124526950,51,"C",18,,""
2020,150859211,124527018,5,"C",13,,""
2020,150861228,124526981,27,"C",1,,""
2020,150859177,124520082,5,"C",13,,""
2020,150859188,124520094,5,"C",25,,""
2020,150861239,124526987,21,"A",1,,""
2020,150861243,124526994,7,"C",18,,""
2020,150861244,124526994,5,"C",18,,""
2020,150861260,124520108,18,"C",1,,""
2020,151872617,125412382,27,"C",1,,""
2020,151872634,125412401,5,"C",1,,""
2020,151877663,125431180,40,"C",1,,""
2020,151872688,125431220,5,"C",13,,""
2020,151877727,125431230,5,"C",13,,""
2020,151877746,125431235,5,"C",13,,""
2020,151872692,125431227,51,"C",1,,""
2020,151877750,125431239,51,"C",1,,""
2020,151877751,125431239,5,"C",1,,""
2020,151877758,125412491,51,"C",1,,""
2020,158812830,131721275,51,"C",1,,""
2020,158826300,131719726,51,"C",1,,""
2020,158826298,131719726,45,"C",1,,""
2020,151877659,125431174,16,"C",1,,""
2020,151877693,125431202,40,"C",1,,""
2020,151872691,125431226,5,"C",1,,""
2020,151872697,125431237,5,"C",1,,""
2020,151877769,125431250,16,"C",1,,""
2020,151877773,125431255,18,"C",1,,""
2020,156005138,129241117,56,"C",1,,""
2020,154698583,128079901,51,"C",18,,""
2020,156005173,129228916,47,"C",11,,""
2020,156009624,129228955,5,"C",1,,""
2020,156005224,129228969,5,"C",1,,""
2020,156005235,129241176,18,"C",1,,""
2020,156005241,129241182,35,"C",1,,""
2020,156005240,129241182,45,"C",1,,""
2020,151877748,125412478,5,"C",13,,""
2020,151872719,125431254,5,"C",13,,""
2020,151872723,125431257,51,"C",1,,""
2020,154693854,128079869,27,"C",1,,""
2020,154693875,128079893,51,"C",1,,""
2020,154698571,128079893,45,"C",1,,""
2020,154698598,128083862,39,"C",1,,""
2020,154693939,128079961,5,"C",1,,""
2020,154693937,128079961,45,"A",1,,""
2020,154698633,128079993,45,"C",1,,""
2020,154693992,128080008,45,"C",1,,""
2020,154693858,128083842,11,"C",18,,""
2020,154693857,128083842,21,"C",18,,""
2020,154693908,128079930,51,"C",1,,""
2020,154693916,128079938,45,"C",5,,""
2020,151877644,125431161,16,"C",1,,""
2020,151872669,125431199,51,"C",1,,""
2020,151877697,125431206,35,"C",1,,""
2020,151877696,125431206,51,"C",1,,""
2020,151877713,125412455,7,"C",18,,""
2020,151877734,125431229,5,"C",1,,""
2020,151877747,125431238,16,"C",13,,""
2020,151877757,125431244,40,"C",1,,""
2020,151877770,125412503,51,"C",18,,""
2020,151877771,125412503,5,"C",18,,""
2020,151872720,125431253,51,"C",1,,""
2020,151877635,125412385,51,"C",1,,""
2020,151872616,125412385,5,"C",1,,""
2020,151872659,125431190,56,"C",13,,""
2020,151872670,125431203,14,"C",18,,""
2020,151872671,125431203,5,"C",18,,""
2020,151877699,125412443,28,"C",1,,""
2020,151877738,125412471,56,"C",13,,""
2020,153780377,127194373,45,"C",1,,""
2020,153780391,127194385,40,"C",1,,""
2020,153774687,127194406,51,"C",1,,""
2020,153780436,127194427,51,"C",1,,""
2020,153774719,127194433,5,"C",13,,""
2020,153780444,127194433,27,"C",13,,""
2020,151877667,125431182,39,"C",1,,""
2020,151872662,125431195,51,"C",1,,""
2020,151877726,125431225,16,"C",1,,""
2020,151877742,125412473,51,"C",1,,""
2020,151872704,125431240,5,"C",13,,""
2020,151872709,125431241,5,"C",1,,""
2020,151877641,125431159,51,"C",1,,""
2020,151872654,125431186,51,"C",1,,""
2020,151872674,125412442,5,"C",1,,""
2020,151877765,125431249,51,"C",13,,""
2020,151877768,125412502,16,"C",18,,""
2020,154693909,128079931,56,"C",1,,""
2020,154693918,128079940,51,"C",1,,""
2020,151872660,125431192,18,"C",1,,""
2020,151877686,125431198,39,"C",1,,""
2020,151872666,125431198,27,"C",1,,""
2020,151872695,125431232,5,"C",1,,""
2020,151877733,125431228,5,"C",18,,""
2020,151872710,125412494,51,"C",1,,""
2020,154698539,128079843,27,"C",1,,""
2020,154693883,128079897,51,"C",1,,""
2020,154693888,128083853,45,"C",13,,""
2020,154693980,128079999,51,"C",13,,""
2020,151877678,125412426,5,"C",13,,""
2020,151872664,125431197,40,"C",1,,""
2020,151877710,125431212,51,"C",1,,""
2020,151872689,125431222,7,"C",18,,""
2020,151877728,125431224,5,"C",1,,""
2020,151877767,125412499,7,"C",18,,""
2020,154698545,128083828,40,"C",1,,""
2020,154693843,128079858,40,"A",13,,""
2020,154693879,128083850,16,"C",1,,""
2020,154693902,128079926,40,"A",1,,""
2020,154698619,128083880,5,"C",13,,""
2020,154698643,128080007,40,"C",1,,""
2020,151877658,125431172,51,"C",1,,""
2020,151872651,125412416,16,"C",1,,""
2020,151877756,125431242,51,"C",13,,""
2020,151872687,125431219,14,"C",18,,""
2020,151872693,125412467,5,"C",13,,""
2020,154698550,128079856,51,"C",13,,""
2020,154698581,128079899,51,"C",1,,""
2020,154693887,128079907,5,"C",1,,""
2020,154693898,128079916,44,"C",13,,""
2020,154698612,128083873,51,"C",13,,""
2020,154693988,128080006,51,"C",1,,""
2020,151877670,125431185,5,"C",13,,""
2020,151877716,125431218,7,"C",18,,""
2020,154698551,128083832,16,"C",1,,""
2020,151872619,125431153,40,"C",1,,""
2020,151877672,125431191,45,"C",1,,""
2020,151872656,125431191,5,"C",1,,""
2020,151877682,125431194,45,"C",1,,""
2020,151877753,125412483,5,"C",1,,""
2020,151872707,125412490,21,"C",18,,""
2020,151872715,125431247,51,"C",1,,""
2020,156009609,129241145,45,"C",1,,""
2020,156005196,129241150,51,"C",13,,""
2020,156009642,129241171,45,"C",1,,""
2020,156009643,129241171,5,"C",1,,""
2020,156009653,129228986,5,"C",25,,""
2020,156005248,129241188,51,"C",1,,""
2020,158826187,131719659,16,"C",1,,""
2020,158826192,131721182,18,"C",1,,""
2020,158826204,131721188,28,"C",1,,""
2020,158826211,131721193,44,"C",13,,""
2020,156009589,129228911,16,"C",1,,""
2020,156009590,129228911,35,"C",1,,""
2020,156005191,129228937,45,"C",1,,""
2020,156009623,129228952,27,"C",1,,""
2020,156005222,129228967,51,"C",1,,""
2020,156009680,129229012,5,"C",1,,""
2020,156005272,129241205,5,"C",13,,""
2020,156005258,129229002,51,"C",1,,""
2020,156009625,129228954,51,"C",1,,""
2020,156005271,129229017,51,"C",1,,""
2020,156009582,129241125,5,"C",1,,""
2020,156005185,129241140,44,"C",1,,""
2020,156005192,129228939,51,"C",1,,""
2020,156009635,129228973,5,"C",13,,""
2020,156009650,129228980,40,"C",1,,""
2020,156005246,129228993,51,"C",1,,""
2020,156009675,129241197,5,"C",13,,""
2020,156009581,129241123,51,"C",1,,""
2020,158812757,131721171,51,"C",1,,""
2020,158812758,131721171,16,"C",1,,""
2020,158812763,131721179,56,"C",1,,""
2020,156009603,129228934,5,"C",1,,""
2020,156009602,129228934,45,"C",1,,""
2020,156005216,129228958,45,"C",1,,""
2020,156009639,129241168,51,"C",1,,""
2020,158826201,131721187,16,"C",1,,""
2020,158812776,131721195,16,"C",1,,""
2020,156005254,129241194,45,"C",1,,""
2020,156009670,129241194,5,"C",1,,""
2020,158826225,131721212,27,"C",1,,""
2020,158812789,131721213,27,"C",13,,""
2020,156009585,129241128,5,"C",1,,""
2020,156009597,129241137,40,"C",1,,""
2020,156009614,129241153,5,"C",13,,""
2020,156005207,129228949,51,"C",13,,""
2020,156009638,129241166,5,"C",1,,""
2020,156005234,129228982,44,"C",13,,""
2020,156005247,129241186,51,"C",18,,""
2020,156005255,129241193,28,"C",1,,""
2020,156009578,129228894,5,"C",1,,""
2020,156005146,129228894,51,"C",1,,""
2020,156005160,129228907,18,"C",1,,""
2020,156009646,129241174,5,"C",18,,""
2020,156009645,129241174,7,"C",18,,""
2020,156005260,129241196,44,"C",1,,""
2020,156009672,129241196,51,"C",1,,""
2020,156005265,129241204,51,"C",13,,""
2020,156005266,129241204,5,"C",13,,""
2020,156005168,129228908,5,"C",13,,""
2020,156009599,129228924,5,"C",13,,""
2020,156005188,129228930,18,"A",1,,""
2020,156005203,129228942,5,"C",13,,""
2020,156009626,129228956,51,"C",13,,""
2020,156009634,129228964,16,"C",1,,""
2020,156005221,129228964,39,"C",1,,""
2020,156009647,129228977,5,"C",13,,""
2020,156005153,129241127,47,"C",11,,""
2020,156009605,129241143,40,"A",1,,""
2020,156009611,129241146,40,"C",1,,""
2020,156005199,129241154,51,"C",1,,""
2020,156009654,129241180,5,"C",25,,""
2020,157664600,130696329,5,"C",1,,""
2020,157668637,130690623,51,"C",13,,""
2020,157668649,130696373,45,"C",1,,""
2020,157668590,130690572,39,"C",1,,""
2020,157664598,130696328,16,"C",1,,""
2020,157668618,130690600,40,"C",1,,""
2020,157668627,130696349,51,"C",18,,""
2020,157668633,130690619,51,"C",1,,""
2020,157664669,130690641,51,"C",13,,""
2020,157664555,130690544,51,"C",1,,""
2020,157668586,130696310,44,"C",13,,""
2020,157668595,130690575,18,"C",1,,""
2020,157664574,130690558,51,"C",1,,""
2020,158812803,131721235,5,"C",13,,""
2020,158826251,131721235,51,"C",13,,""
2020,157668583,130696309,21,"C",18,,""
2020,157664587,130696314,16,"C",1,,""
2020,157664594,130690580,44,"C",1,,""
2020,158826243,131721230,39,"C",1,,""
2020,157668625,130690615,27,"C",13,,""
2020,158826266,131721246,27,"C",13,,""
2020,157664659,130696369,44,"C",1,,""
2020,158826275,131719706,16,"C",18,,""
2020,158826284,131721263,45,"C",1,,""
2020,158826321,131719738,18,"C",1,,""
2020,158812860,131721306,18,"C",13,,""
2020,157664559,130690547,47,"C",1,,""
2020,157664569,130696298,5,"C",13,,""
2020,157668591,130696313,39,"C",1,,""
2020,157664585,130696313,27,"C",1,,""
2020,157668585,130690571,18,"C",13,,""
2020,157664613,130690595,56,"C",1,,""
2020,157664621,130696339,45,"C",1,,""
2020,157668632,130696355,51,"C",1,,""
2020,157668638,130696362,27,"C",13,,""
2020,157668592,130696319,56,"C",1,,""
2020,157664606,130696334,18,"C",1,,""
2020,157664646,130690622,40,"C",1,,""
2020,157668640,130690630,45,"C",25,,""
2020,158812761,131719661,45,"C",1,,""
2020,158826205,131721189,16,"C",1,,""
2020,158812792,131719682,44,"C",13,,""
2020,158812833,131719722,51,"C",13,,""
2020,158826301,131719727,14,"C",18,,""
2020,158826303,131719727,5,"C",18,,""
2020,157664655,130690632,51,"C",1,,""
2020,157664671,130690646,45,"C",1,,""
2020,157668559,130696276,16,"C",1,,""
2020,157664543,130696279,5,"C",13,,""
2020,157664542,130696279,51,"C",13,,""
2020,157664572,130696301,40,"C",13,,""
2020,157668582,130696308,51,"C",1,,""
2020,157664617,130690599,27,"C",1,,""
2020,157668631,130696356,51,"C",13,,""
2020,157668645,130696371,45,"C",1,,""
2020,157668658,130696380,51,"C",1,,""
2020,157664537,130696274,16,"C",1,,""
2020,157664546,130696282,51,"C",1,,""
2020,157664547,130696282,16,"C",1,,""
2020,157664578,130696306,51,"C",13,,""
2020,157664584,130690570,45,"C",1,,""
2020,157668593,130690574,16,"C",1,,""
2020,157664593,130690579,16,"C",1,,""
2020,157664642,130696353,5,"C",1,,""
2020,157664652,130690624,51,"C",13,,""
2020,157668634,130696357,51,"C",13,,""
2020,157664673,130690645,39,"C",1,,""
2020,157664616,130690598,51,"C",1,,""
2020,157668636,130696360,51,"C",1,,""
2020,157664667,130690644,45,"C",1,,""
2020,157664564,130696296,16,"C",1,,""
2020,157664590,130696316,51,"C",1,,""
2020,157668600,130696323,27,"C",1,,""
2020,157664591,130696323,39,"C",1,,""
2020,157668601,130696323,51,"C",1,,""
2020,157664628,130690610,27,"C",1,,""
2020,157664640,130696348,51,"C",1,,""
2020,157668647,130690639,51,"C",13,,""
2020,157664665,130690639,5,"C",13,,""
2020,157664629,130690609,56,"C",1,,""
2020,157664658,130696367,27,"C",1,,""
2020,157668648,130690638,45,"C",1,,""
2020,157664672,130696379,45,"C",1,,""
2020,157668572,130696299,51,"C",1,,""
2020,157668580,130696305,44,"C",13,,""
2020,157668598,130690577,40,"C",1,,""
2020,157664595,130690582,16,"C",1,,""
2020,157664656,130696366,51,"C",13,,""
2020,157664588,130696315,51,"C",1,,""
2020,157664622,130690605,44,"C",13,,""
2020,157664597,130690585,45,"C",25,,""
2020,157668611,130690589,16,"C",1,,""
2020,157668619,130690603,40,"C",1,,""
2020,157664654,130696364,51,"C",1,,""
2020,157664560,130690550,40,"A",18,,""
2020,157664570,130696300,5,"C",13,,""
2020,157664576,130690562,51,"C",1,,""
2020,157668576,130690562,27,"C",1,,""
2020,157664579,130690564,51,"C",13,,""
2020,157668584,130690569,40,"C",1,,""
2020,157664586,130696312,18,"C",1,,""
2020,157668597,130696321,45,"C",1,,""
2020,157668604,130696326,16,"C",1,,""
2020,156005156,129241130,51,"C",1,,""
2020,156005176,129228920,45,"C",1,,""
2020,156009598,129228922,40,"A",1,,""
2020,156005182,129228922,39,"C",1,,""
2020,157668609,130696330,27,"C",1,,""
2020,156005206,129228947,44,"C",13,,""
2020,156009629,129241162,5,"C",18,,""
2020,156005217,129228959,44,"C",13,,""
2020,157664619,130690604,40,"C",1,,""
2020,156009651,129228985,44,"C",1,,""
2020,156009662,129228995,18,"C",1,,""
2020,156009665,129228996,51,"C",13,,""
2020,156009664,129241187,51,"C",1,,""
2020,157664625,130690607,51,"C",1,,""
2020,156005262,129229009,44,"C",1,,""
2020,156009678,129229010,40,"C",1,,""
2020,156005263,129241200,51,"C",1,,""
2020,156005268,129229014,51,"C",13,,""
2020,156005270,129229016,56,"C",1,,""
2020,156009579,129228898,27,"C",1,,""
2020,156009596,129228921,51,"C",13,,""
2020,156009621,129241158,16,"C",1,,""
2020,156005208,129241158,39,"C",1,,""
2020,156005209,129241158,35,"C",1,,""
2020,156005237,129241178,21,"C",1,,""
2020,156005250,129228998,45,"C",1,,""
2020,156005147,129241122,51,"C",1,,""
2020,156005187,129228929,44,"C",1,,""
2020,156005257,129229003,5,"C",1,,""
2020,156005256,129229003,51,"C",1,,""
2020,156005145,129228897,45,"C",1,,""
2020,156009658,129228988,56,"C",1,,""
2020,156009682,129241202,27,"C",1,,""
2020,156009683,129241202,39,"C",1,,""
2020,156005200,129241155,44,"C",1,,""
2020,156009619,129241157,51,"C",1,,""
2020,156009671,129241192,18,"C",1,,""
2020,156005264,129241203,18,"C",1,,""
2020,156009684,129241203,51,"C",1,,""
2020,157664573,130696303,51,"C",13,,""
2020,157664596,130690583,47,"C",1,,""
2020,157664601,130690588,51,"C",1,,""
2020,157668610,130690588,5,"C",1,,""
2020,157664603,130690591,5,"C",18,,""
2020,157668612,130690591,14,"C",18,,""
2020,157664610,130696337,51,"C",1,,""
2020,157664611,130696337,5,"C",1,,""
2020,157664614,130696337,39,"C",1,,""
2020,157664632,130696344,40,"C",1,,""
2020,157668643,130696368,51,"C",1,,""
2020,157668650,130696374,51,"C",1,,""
2020,157664668,130696376,45,"C",1,,""
2020,157664670,130696378,40,"C",13,,""
2020,156005154,129241129,21,"A",18,,""
2020,156005155,129241129,5,"C",18,,""
2020,156005164,129241133,18,"C",13,,""
2020,156009641,129228974,27,"C",13,,""
2020,156009652,129241179,51,"C",13,,""
2020,156005242,129228989,51,"C",13,,""
2020,156005198,129241152,51,"C",13,,""
2020,156009633,129228965,51,"C",1,,""
2020,156005228,129241170,44,"C",1,,""
2020,156009679,129229011,5,"C",1,,""
2020,156009685,129229018,14,"C",1,,""
2020,156005174,129228917,5,"C",13,,""
2020,156009630,129228960,45,"C",1,,""
2020,156009637,129228970,5,"C",13,,""
2020,156005239,129228983,5,"C",25,,""
2020,156005267,129241201,5,"C",13,,""
2020,156005148,129228896,40,"C",1,,""
2020,156009615,129228945,51,"C",1,,""
2020,156009622,129241159,51,"C",1,,""
2020,156005215,129228957,56,"C",13,,""
2020,156005225,129241167,51,"C",1,,""
2020,156009644,129241173,18,"C",13,,""
2020,156005261,129229004,5,"C",13,,""
2020,156005169,129228918,27,"C",1,,""
2020,156009594,129228918,35,"C",1,,""
2020,156009600,129228927,18,"C",13,,""
2020,156009677,129241199,51,"C",1,,""
2020,156009575,129228888,18,"A",1,,""
2020,156005149,129228895,45,"C",1,,""
2020,156005150,129228899,51,"C",1,,""
2020,156009586,129228902,45,"C",5,,""
2020,156009580,129241124,45,"C",1,,""
2020,156005226,129228972,40,"A",1,,""
2020,156005238,129228984,5,"C",25,,""
2020,156005245,129241185,51,"C",13,,""
2020,156005269,129229015,51,"C",13,,""
2020,156005162,129228912,39,"C",1,,""
2020,156005163,129228912,16,"C",1,,""
2020,156005165,129228912,35,"C",1,,""
2020,156005214,129228953,5,"C",13,,""
2020,156009628,129228961,51,"C",1,,""
2020,156009640,129228971,51,"C",1,,""
2020,156005249,129241190,5,"C",25,,""
2020,156005205,129228948,56,"C",1,,""
2020,156009616,129241156,5,"C",18,,""
2020,156005201,129241156,14,"C",18,,""
2020,156009632,129241165,27,"C",13,,""
2020,156005189,129228932,5,"C",25,,""
2020,156005213,129228951,5,"C",13,,""
2020,156009617,129228943,45,"C",1,,""
2020,156005233,129228981,45,"C",1,,""
2020,156009655,129241181,51,"C",13,,""
2020,156009668,129229000,5,"C",13,,""
2020,156009676,129229008,27,"C",1,,""
2020,157664561,130696293,45,"C",13,,""
2020,157664567,130690555,51,"C",1,,""
2020,157668577,130690563,35,"C",1,,""
2020,157668615,130696331,21,"C",18,,""
2020,157668642,130690631,29,"C",1,,""
2020,157668655,130690647,45,"C",1,,""
2020,157664550,130696283,44,"C",13,,""
2020,157668562,130696283,51,"C",13,,""
2020,157664558,130690546,45,"C",1,,""
2020,157664612,130690596,40,"C",18,,""
2020,157668623,130690613,51,"C",1,,""
2020,157664666,130690640,5,"C",1,,""
2020,157668564,130690543,16,"C",1,,""
2020,157668570,130690552,51,"C",13,,""
2020,157664645,130696358,51,"C",1,,""
2020,157668641,130690628,51,"C",1,,""
2020,159737073,132542032,51,"C",1,,""
2020,159737078,132542038,5,"C",13,,""
2020,159725813,132542065,5,"C",25,,""
2020,159737151,132542110,5,"C",18,,""
2020,159737156,132542116,28,"C",1,,""
2020,159725889,132542155,51,"C",1,,""
2020,157664548,130696281,51,"C",13,,""
2020,157664553,130696288,16,"C",1,,""
2020,157664599,130690586,18,"C",13,,""
2020,157668568,130690548,39,"C",1,,""
2020,157668579,130690566,40,"C",18,,""
2020,157664633,130690612,51,"C",1,,""
2020,157664539,130696277,51,"C",1,,""
2020,157664577,130696304,5,"C",13,,""
2020,157668606,130690584,16,"C",1,,""
2020,157664657,130690633,16,"C",1,,""
2020,157664661,130690635,45,"C",1,,""
2020,157664663,130696375,45,"C",1,,""
2020,157668659,130690650,51,"C",1,,""
2020,157664651,130690625,39,"C",1,,""
2020,157664580,130690565,51,"C",1,,""
2020,157668614,130690592,39,"C",1,,""
2020,157668613,130690592,27,"C",1,,""
2020,157664626,130690608,56,"C",1,,""
2020,157668630,130696354,39,"C",1,,""
2020,157668629,130696354,44,"C",1,,""
2020,157664648,130696361,56,"C",13,,""
2020,157668654,130690643,45,"C",1,,""
2020,158812765,131721178,13,"C",1,,""
2020,158812771,131719668,51,"C",1,,""
2020,158826282,131721259,39,"C",1,,""
2020,158826292,131721274,51,"C",1,,""
2020,158812824,131721274,40,"C",1,,""
2020,158826193,131721181,45,"C",1,,""
2020,158826229,131721217,44,"C",1,,""
2020,158826238,131719687,44,"C",1,,""
2020,158826273,131719703,5,"C",18,,""
2020,158826283,131719710,51,"C",1,,""
2020,158826289,131719712,5,"C",13,,""
2020,158812834,131719723,51,"C",13,,""
2020,158812850,131719739,16,"C",1,,""
2020,158826332,131721307,5,"C",13,,""
2020,158826335,131719744,5,"C",18,,""
2020,158812862,131719744,14,"C",18,,""
2020,159737163,132542121,16,"C",1,,""
2020,159737175,132542131,27,"C",18,,""
2020,158826199,131719666,7,"C",13,,""
2020,158826200,131719666,5,"C",13,,""
2020,159737188,132542138,44,"C",13,,""
2020,158812778,131721197,51,"C",1,,""
2020,158826240,131721225,51,"C",1,,""
2020,159737192,132542142,14,"C",13,,""
2020,159737222,132542164,51,"C",1,,""
2020,158812831,131719720,45,"C",1,,""
2020,158812840,131719732,5,"C",1,,""
2020,158812839,131719732,45,"C",1,,""
2020,158826333,131721312,14,"C",18,,""
2020,158812861,131721312,5,"C",18,,""
2020,157668651,130690642,45,"C",1,,""
2020,157664538,130696275,51,"C",1,,""
2020,157668566,130696291,16,"C",1,,""
2020,157668573,130690556,56,"C",1,,""
2020,157668575,130690560,27,"C",13,,""
2020,157664608,130690594,5,"C",13,,""
2020,157664607,130690594,51,"C",13,,""
2020,157664623,130696340,51,"C",1,,""
2020,157664662,130690636,45,"C",1,,""
2020,157668652,130696377,45,"C",1,,""
2020,157668653,130696377,44,"C",1,,""
2020,158826252,131719691,56,"C",1,,""
2020,158826261,131721244,5,"C",13,,""
2020,158826322,131719740,51,"C",1,,""
2020,158812863,131721314,51,"C",1,,""
2020,158812764,131721177,51,"C",13,,""
2020,158826232,131721220,44,"C",13,,""
2020,158826237,131719686,44,"C",13,,""
2020,158812811,131721243,51,"C",13,,""
2020,158826302,131719724,51,"C",1,,""
2020,158826312,131721287,51,"C",1,,""
2020,158826324,131719741,51,"C",1,,""
2020,157664636,130690616,16,"C",1,,""
2020,157668656,130690648,56,"C",1,,""
2020,157664581,130690567,18,"C",1,,""
2020,157668620,130696338,56,"C",1,,""
2020,157664664,130690637,45,"C",1,,""
2020,157668624,130696346,47,"C",5,,""
2020,159737202,132542151,40,"C",1,,""
2020,159737207,132542157,44,"C",1,,""
2020,159737227,132542167,51,"C",1,,""
2020,159737236,132542176,40,"C",1,,""
2020,159737239,132542177,5,"C",18,,""
2020,159737238,132542177,7,"C",18,,""
2020,158826185,131719656,16,"C",1,,""
2020,158812793,131719683,5,"C",13,,""
2020,158826254,131719693,5,"C",13,,""
2020,158812855,131721300,45,"C",1,,""
2020,158826206,131721190,40,"C",18,,""
2020,158826212,131719674,40,"C",1,,""
2020,158812786,131719679,40,"C",13,,""
2020,158812797,131721223,40,"C",1,,""
2020,158812800,131721231,5,"C",13,,""
2020,158826249,131721234,56,"C",1,,""
2020,158826253,131721237,51,"C",1,,""
2020,158826260,131721242,45,"C",1,,""
2020,158826291,131721269,5,"C",13,,""
2020,158812823,131719717,5,"C",13,,""
2020,158826307,131719728,5,"C",13,,""
2020,158812848,131719737,51,"C",1,,""
2020,158812854,131721297,16,"C",1,,""
2020,158812857,131721304,51,"C",13,,""
2020,157668605,130690581,51,"C",1,,""
2020,157664627,130696342,39,"C",1,,""
2020,157664639,130690617,36,"A",1,,""
2020,157664644,130690621,45,"C",1,,""
2020,157664653,130690629,51,"C",1,,""
2020,158812770,131719667,5,"C",13,,""
2020,158812774,131719672,16,"C",1,,""
2020,158812773,131719672,51,"C",1,,""
2020,158826235,131721227,35,"C",1,,""
2020,158826234,131721227,16,"C",1,,""
2020,158826233,131721227,51,"C",1,,""
2020,158826263,131721245,5,"C",13,,""
2020,158812821,131719716,51,"C",1,,""
2020,157668561,130690539,51,"C",1,,""
2020,157664552,130696285,51,"C",1,,""
2020,157668565,130690545,40,"C",1,,""
2020,157668587,130690573,51,"C",1,,""
2020,157668588,130690573,39,"C",1,,""
2020,157664592,130696325,51,"C",1,,""
2020,157664604,130696333,5,"C",1,,""
2020,157664620,130690602,28,"C",1,,""
2020,157664638,130696347,5,"C",13,,""
2020,157664566,130690554,18,"C",1,,""
2020,157664602,130690590,16,"C",1,,""
2020,157668621,130690606,51,"C",1,,""
2020,157664630,130690611,56,"C",13,,""
2020,157664631,130690611,29,"C",13,,""
2020,157664643,130690618,51,"C",1,,""
2020,157664650,130696363,40,"C",1,,""
2020,157664565,130690551,5,"C",13,,""
2020,157668578,130690561,51,"C",1,,""
2020,157664582,130690568,45,"C",1,,""
2020,158812787,131721210,51,"C",5,,""
2020,158826255,131721247,45,"C",1,,""
2020,158812817,131721262,47,"C",1,,""
2020,158826286,131721264,51,"C",13,,""
2020,158826293,131719715,51,"C",1,,""
2020,159737076,132542035,16,"C",18,,""
2020,159737088,132542049,51,"C",1,,""
2020,159737095,132542057,50,"C",5,,""
2020,159737096,132542057,46,"C",5,,""
2020,159725831,132542081,51,"C",13,,""
2020,159725834,132542083,16,"C",1,,""
2020,159737170,132542127,5,"C",13,,""
2020,159725880,132537826,51,"C",13,,""
2020,159737203,132542152,40,"C",1,,""
2020,159737234,132542174,45,"C",1,,""
2020,159737066,132542029,18,"A",1,,""
2020,159737067,132542029,51,"C",1,,""
2020,159725785,132542039,5,"C",13,,""
2020,159725858,132537805,40,"A",1,,""
2020,159725862,132542120,16,"C",1,,""
2020,159725882,132537828,5,"C",1,,""
2020,159737210,132542158,51,"C",1,,""
2020,159725893,132542158,39,"C",1,,""
2020,159737209,132542158,40,"C",1,,""
2020,159737225,132542165,45,"C",13,,""
2020,159725814,132542066,18,"C",13,,""
2020,159737110,132542071,51,"C",1,,""
2020,159737117,132542079,44,"C",13,,""
2020,159737159,132542117,35,"C",18,,""
2020,159737157,132542117,51,"C",18,,""
2020,159737158,132542117,16,"C",18,,""
2020,159737218,132542161,44,"C",1,,""
2020,159725799,132537755,5,"C",1,,""
2020,159737122,132542084,5,"C",1,,""
2020,159737134,132542096,45,"C",1,,""
2020,159737135,132542096,5,"C",1,,""
2020,159737141,132542101,51,"C",11,,""
2020,159737186,132542137,40,"A",1,,""
2020,159737077,132542036,16,"C",1,,""
2020,159737090,132542052,5,"C",13,,""
2020,159737081,132542041,5,"C",13,,""
2020,159737130,132542090,16,"C",1,,""
2020,159725843,132542103,27,"C",1,,""
2020,159725844,132542103,39,"C",1,,""
2020,159725845,132542103,16,"C",1,,""
2020,159737213,132537838,16,"C",13,,""
2020,159737212,132537838,35,"C",13,,""
2020,159737211,132537838,51,"C",13,,""
2020,159737233,132542173,45,"C",1,,""
2020,161529471,134119230,39,"C",1,,""
2020,161529467,134119237,13,"C",1,,""
2020,161529476,134114003,5,"C",13,,""
2020,161534754,134114003,27,"C",13,,""
2020,161534770,134119249,51,"C",1,,""
2020,161534773,134119251,51,"C",13,,""
2020,161534784,134119262,51,"C",1,,""
2020,161529519,134114043,51,"C",13,,""
2020,159725823,132537775,18,"C",1,,""
2020,159737118,132542080,18,"C",1,,""
2020,159737144,132542104,44,"C",1,,""
2020,159737171,132542128,18,"C",1,,""
2020,159737150,132537799,11,"C",25,,""
2020,159737189,132542139,18,"C",1,,""
2020,159725790,132537750,5,"C",13,,""
2020,161534739,134119226,51,"C",13,,""
2020,161534746,134113994,51,"C",13,,""
2020,161534750,134119234,44,"C",1,,""
2020,161534769,134119246,51,"C",13,,""
2020,159725789,132537748,51,"C",1,,""
2020,159725801,132542047,16,"C",18,,""
2020,159737112,132542073,18,"C",1,,""
2020,159737068,132542030,5,"C",1,,""
2020,159737100,132542061,45,"C",1,,""
2020,159737183,132542135,18,"C",1,,""
2020,159737184,132542135,28,"C",1,,""
2020,161534781,134119261,44,"C",1,,""
2020,159737071,132542033,27,"C",1,,""
2020,159737070,132542033,40,"C",1,,""
2020,159737072,132542033,51,"C",1,,""
2020,159725800,132542046,27,"C",13,,""
2020,159737103,132542064,5,"C",1,,""
2020,159737129,132542089,16,"C",13,,""
2020,159737155,132542115,51,"C",1,,""
2020,159737165,132542124,5,"C",13,,""
2020,159737176,132542132,51,"C",1,,""
2020,159725888,132542154,51,"C",1,,""
2020,159737217,132537840,51,"C",1,,""
2020,159737229,132542169,5,"C",25,,""
2020,159737101,132542062,51,"C",1,,""
2020,159737113,132542074,51,"C",18,,""
2020,159737114,132542074,46,"C",18,,""
2020,159737147,132542107,51,"C",1,,""
2020,159737152,132542111,44,"C",13,,""
2020,159737167,132542125,51,"C",13,,""
2020,159725876,132537822,46,"C",5,,""
2020,159725875,132537822,50,"C",5,,""
2020,159737220,132542162,5,"C",13,,""
2020,159737235,132542172,44,"C",13,,""
2020,159725857,132542113,44,"C",1,,""
2020,159725859,132542113,51,"C",1,,""
2020,159737195,132542145,5,"C",1,,""
2020,159737200,132542148,51,"C",13,,""
2020,159725901,132542171,5,"C",1,,""
2020,159725900,132542171,45,"C",1,,""
2020,161529516,134119274,27,"C",13,,""
2020,159737120,132542082,51,"C",1,,""
2020,159737139,132542098,51,"C",1,,""
2020,159737084,132542043,51,"C",1,,""
2020,159737106,132542068,5,"C",13,,""
2020,159725830,132542078,40,"C",18,,""
2020,159737142,132542102,39,"C",1,,""
2020,159737149,132542109,40,"C",1,,""
2020,159737166,132542123,5,"C",1,,""
2020,159737185,132542136,44,"C",13,,""
2020,159725784,132542037,45,"C",1,,""
2020,159725812,132542060,51,"C",1,,""
2020,159737115,132542075,27,"C",18,,""
2020,159737131,132542093,56,"C",13,,""
2020,159737136,132542097,5,"C",13,,""
2020,159725848,132537795,16,"C",18,,""
2020,159737161,132542119,47,"C",1,,""
2020,159737182,132542133,56,"C",1,,""
2020,159737190,132542141,18,"C",1,,""
2020,159737231,132537848,40,"C",1,,""
2020,159725777,132537739,51,"C",1,,""
2020,159725793,132542044,51,"C",1,,""
2020,159725838,132542092,51,"C",1,,""
2020,159737204,132542153,51,"C",1,,""
2020,159737224,132537843,16,"C",1,,""
2020,159725795,132542045,39,"C",1,,""
2020,159725794,132542045,27,"C",1,,""
2020,159737109,132542070,14,"C",18,,""
2020,159737111,132542072,27,"C",1,,""
2020,159737128,132542088,7,"C",18,,""
2020,159737146,132542106,51,"C",13,,""
2020,159725860,132542114,51,"C",13,,""
2020,159737180,132542134,51,"C",1,,""
2020,159737198,132542147,51,"C",1,,""
2020,159737197,132542147,44,"C",1,,""
2020,158826186,131721172,5,"C",1,,""
2020,158812813,131719707,5,"C",13,,""
2020,158826290,131721268,27,"C",1,,""
2020,158826182,131721167,51,"C",1,,""
2020,161529509,134114038,51,"C",1,,""
2020,158826245,131721233,32,"C",1,,""
2020,158812806,131719699,56,"C",1,,""
2020,158826258,131719699,51,"C",1,,""
2020,158826280,131721258,51,"C",1,,""
2020,158826287,131721267,16,"C",18,,""
2020,158826295,131719721,40,"C",1,,""
2020,158826313,131719730,51,"C",1,,""
2020,158826318,131721290,5,"C",25,,""
2020,158812849,131721295,45,"C",1,,""
2020,158812851,131721298,40,"C",18,,""
2020,158826334,131721309,45,"C",1,,""
2020,161529508,134114033,56,"C",1,,""
2020,161529526,134114048,7,"C",18,,""
2020,161534833,134119304,44,"C",1,,""
2020,161529541,134119306,45,"C",1,,""
2020,158826195,131719663,5,"C",13,,""
2020,158812788,131721214,45,"C",1,,""
2020,158812794,131721219,44,"C",1,,""
2020,158826250,131719694,5,"C",13,,""
2020,158826264,131721248,51,"C",1,,""
2020,158812814,131719708,5,"C",13,,""
2020,158812818,131721260,51,"C",1,,""
2020,158812832,131721276,16,"C",1,,""
2020,158826316,131719735,40,"C",1,,""
2020,158812867,131721317,45,"C",1,,""
2020,159737086,132537757,5,"C",18,,""
2020,159737085,132537757,14,"C",18,,""
2020,159725833,132537783,45,"C",13,,""
2020,163111612,135474230,21,"C",13,,""
2020,159725855,132537804,5,"C",1,,""
2020,159725863,132537809,5,"C",1,,""
2020,159725870,132537817,5,"C",13,,""
2020,163105233,135469388,51,"C",1,,""
2020,159725886,132537832,45,"C",1,,""
2020,163105238,135474321,51,"C",13,,""
2020,159737226,132542166,51,"C",13,,""
2020,158812766,131721180,27,"C",1,,""
2020,158812772,131719670,16,"C",1,,""
2020,158826219,131721206,5,"C",18,,""
2020,158826217,131721206,21,"A",18,,""
2020,158826223,131719676,51,"C",1,,""
2020,158812795,131721221,51,"C",1,,""
2020,158812801,131721232,5,"C",1,,""
2020,158826247,131721236,40,"C",1,,""
2020,158826323,131719743,5,"C",13,,""
2020,158812866,131719746,45,"C",25,,""
2020,158826210,131721194,35,"C",1,,""
2020,158826208,131721194,16,"C",1,,""
2020,158826227,131721215,51,"C",1,,""
2020,158812808,131721241,5,"C",1,,""
2020,158826265,131719702,27,"C",1,,""
2020,158812822,131719714,5,"C",13,,""
2020,158826304,131721280,5,"C",13,,""
2020,158812836,131721283,5,"C",1,,""
2020,158812843,131719734,5,"C",13,,""
2020,158812853,131721296,5,"C",1,,""
2020,158812852,131721296,45,"C",1,,""
2020,158826329,131721303,5,"C",18,,""
2020,158826328,131721303,14,"C",18,,""
2020,159725817,132537769,51,"C",13,,""
2020,159737108,132537776,27,"C",13,,""
2020,159725824,132537778,40,"C",1,,""
2020,159725892,132537836,16,"C",1,,""
2020,159725891,132537836,51,"C",1,,""
2020,159725894,132537839,5,"C",13,,""
2020,159725899,132537849,5,"C",13,,""
2020,158826239,131721224,45,"C",1,,""
2020,158826246,131721240,51,"C",1,,""
2020,158826244,131721240,27,"C",1,,""
2020,158812826,131721271,51,"C",1,,""
2020,158826319,131721292,45,"C",1,,""
2020,158812807,131719695,39,"C",13,,""
2020,158826236,131719685,16,"C",1,,""
2020,158812825,131721270,13,"C",1,,""
2020,158826338,131721315,5,"C",18,,""
2020,158826336,131721315,14,"C",18,,""
2020,159725818,132542069,51,"C",1,,""
2020,159725872,132537819,45,"C",13,,""
2020,159725883,132537829,5,"C",1,,""
2020,159725898,132537846,51,"C",13,,""
2020,159725815,132537767,18,"C",1,,""
2020,159725851,132537800,40,"A",1,,""
2020,159725856,132537806,5,"C",18,,""
2020,159725853,132537806,14,"C",18,,""
2020,159725890,132537834,5,"C",18,,""
2020,159737208,132542156,51,"C",1,,""
2020,159737228,132542168,56,"C",1,,""
2020,159725791,132542040,56,"C",13,,""
2020,159725805,132537759,5,"C",13,,""
2020,159737205,132537835,27,"C",13,,""
2020,159725897,132537845,56,"C",1,,""
2020,158826276,131721253,51,"C",1,,""
2020,158812859,131721310,40,"C",1,,""
2020,158826190,131721175,16,"C",1,,""
2020,158826202,131721186,51,"C",1,,""
2020,158812784,131721203,51,"C",13,,""
2020,158826220,131721209,56,"C",1,,""
2020,158812810,131719698,5,"C",25,,""
2020,158826285,131719711,51,"C",13,,""
2020,158826311,131721286,5,"C",1,,""
2020,158812838,131721286,44,"C",1,,""
2020,158826337,131719745,45,"C",13,,""
2020,158826198,131721184,51,"C",1,,""
2020,159725829,132542077,44,"C",13,,""
2020,159725828,132542077,45,"C",13,,""
2020,159737127,132542086,16,"C",13,,""
2020,159737140,132537792,45,"C",1,,""
2020,159725842,132537793,45,"C",1,,""
2020,159737153,132542112,51,"C",1,,""
2020,159737154,132537801,5,"C",13,,""
2020,159725865,132537810,16,"C",1,,""
2020,159725869,132537815,27,"C",1,,""
2020,159737179,132537818,16,"C",1,,""
2020,159737181,132537818,29,"A",1,,""
2020,159737178,132537818,39,"C",1,,""
2020,159737177,132537818,51,"C",1,,""
2020,159725884,132537830,5,"C",1,,""
2020,159725896,132537844,51,"C",1,,""
2020,159737230,132537847,5,"C",18,,""
2020,158812760,131719658,45,"C",1,,""
2020,158826194,131719662,27,"C",1,,""
2020,158826209,131721192,44,"C",13,,""
2020,158826216,131721205,16,"C",1,,""
2020,158812790,131719678,51,"C",1,,""
2020,158826241,131719688,51,"C",13,,""
2020,158812804,131719692,5,"C",13,,""
2020,158826267,131721249,51,"C",1,,""
2020,158812815,131721257,5,"C",13,,""
2020,158826294,131721272,47,"C",25,,""
2020,158826310,131721284,5,"C",25,,""
2020,158812856,131719742,5,"C",13,,""
2020,158826331,131721308,5,"C",18,,""
2020,158826330,131721308,14,"C",18,,""
2020,159737104,132542067,51,"C",1,,""
2020,159725821,132537772,20,"C",1,,""
2020,159725825,132537777,51,"C",1,,""
2020,158826259,131721239,51,"C",13,,""
2020,158826315,131719733,5,"C",13,,""
2020,158812846,131721294,5,"C",13,,""
2020,158826339,131721313,45,"C",1,,""
2020,161529528,134119288,51,"C",13,,""
2020,161534831,134119305,45,"C",1,,""
2020,161534832,134119305,5,"C",1,,""
2020,159725810,132537765,51,"C",1,,""
2020,159725811,132537765,16,"C",1,,""
2020,159737107,132537774,51,"C",1,,""
2020,159725826,132537779,51,"C",1,,""
2020,159725854,132537803,18,"C",13,,""
2020,159725874,132537821,51,"C",1,,""
2020,159725877,132537824,40,"C",1,,""
2020,159725885,132537831,16,"C",1,,""
2020,159725902,132537850,51,"C",1,,""
2020,158826221,131719677,51,"C",13,,""
2020,158826222,131719677,5,"C",13,,""
2020,158826277,131721255,39,"C",1,,""
2020,158812827,131719718,44,"C",11,,""
2020,158826296,131721277,51,"C",1,,""
2020,158826299,131721279,5,"C",13,,""
2020,158826309,131721282,51,"C",1,,""
2020,158826317,131721291,18,"C",1,,""
2020,158812845,131721291,51,"C",1,,""
2020,158826188,131721174,45,"C",11,,""
2020,158812767,131719665,27,"C",18,,""
2020,158812812,131721254,28,"C",1,,""
2020,158812820,131721265,51,"C",1,,""
2020,158826326,131721301,5,"C",13,,""
2020,158812864,131721311,56,"C",1,,""
2020,159737074,132537740,27,"C",1,,""
2020,159737075,132537740,51,"C",1,,""
2020,159737160,132542118,27,"C",1,,""
2020,159725878,132542143,39,"C",1,,""
2020,159725879,132542143,16,"C",1,,""
2020,159737206,132537837,13,"C",1,,""
2020,159725787,132537746,39,"C",18,,""
2020,159725786,132537746,51,"C",18,,""
2020,159737089,132542050,21,"A",18,,""
2020,159737105,132537766,51,"C",13,,""
2020,159737121,132537784,39,"C",1,,""
2020,159725846,132537794,51,"C",13,,""
2020,159725847,132537794,39,"C",13,,""
2020,159737174,132537814,11,"C",18,,""
2020,159737173,132537814,21,"C",18,,""
2020,159737187,132537823,16,"C",1,,""
2020,159737199,132542149,40,"C",13,,""
2020,159725887,132537833,27,"C",1,,""
2020,159737214,132542159,18,"C",13,,""
2020,159737216,132537841,16,"C",13,,""
2020,159737215,132537841,51,"C",13,,""
2020,159725798,132537754,27,"C",13,,""
2020,159725816,132537768,5,"C",13,,""
2020,159725822,132537773,51,"C",1,,""
2020,159737119,132537781,44,"C",1,,""
2020,159725866,132542130,18,"C",1,,""
2020,159737194,132542144,16,"C",1,,""
2020,159737201,132542150,51,"C",1,,""
2020,159737223,132537842,18,"C",13,,""
2020,159737098,132542058,5,"C",1,,""
2020,159725819,132537771,18,"C",1,,""
2020,159737145,132537796,51,"C",1,,""
2020,159725852,132537802,45,"C",1,,""
2020,159725864,132537808,39,"C",1,,""
2020,159725868,132537813,40,"C",1,,""
2020,159737193,132537825,51,"C",1,,""
2020,158826176,131721161,45,"C",1,,""
2020,158826177,131721161,51,"C",1,,""
2020,158826270,131721252,51,"C",1,,""
2020,158826272,131721252,39,"C",1,,""
2020,158826288,131721266,51,"C",1,,""
2020,158812837,131721285,5,"C",1,,""
2020,158812844,131721289,14,"C",1,,""
2020,158812847,131721293,45,"C",1,,""
2020,158826327,131721302,5,"C",18,,""
2020,158812865,131721316,5,"C",18,,""
2020,158826340,131721316,14,"C",18,,""
2020,161534735,134113984,5,"C",13,,""
2020,161534817,134119291,5,"C",18,,""
2020,161529454,134113980,44,"C",1,,""
2020,161529500,134114027,44,"C",13,,""
2020,161534830,134114065,28,"C",1,,""
2020,161529538,134114065,18,"C",1,,""
2020,161529521,134119278,45,"C",1,,""
2020,161529495,134119258,18,"C",1,,""
2020,161529506,134119270,5,"C",18,,""
2020,161529505,134119270,14,"C",18,,""
2020,161534776,134119255,21,"C",18,,""
2020,161529515,134114041,44,"C",1,,""
2020,161534829,134119303,16,"C",1,,""
2020,161534744,134113995,56,"C",1,,""
2020,163111589,135474209,45,"C",13,,""
2020,163111599,135474215,5,"C",25,,""
2020,163111597,135474213,45,"C",1,,""
2020,163111619,135474237,18,"C",1,,""
2020,163111693,135474300,51,"C",1,,""
2020,163111713,135469387,27,"C",1,,""
2020,163105226,135469379,5,"C",13,,""
2020,163111705,135474313,27,"C",13,,""
2020,163105205,135474232,51,"C",1,,""
2020,161529502,134114029,51,"C",1,,""
2020,163111662,135469366,45,"C",13,,""
2020,163111715,135469390,51,"C",1,,""
2020,163111736,135474342,21,"C",18,,""
2020,163111595,135469353,27,"C",13,,""
2020,163111703,135469380,51,"C",13,,""
2020,163105227,135469380,5,"C",13,,""
2020,163111620,135474236,5,"C",25,,""
2020,163111621,135469358,39,"C",13,,""
2020,163111623,135469358,16,"C",13,,""
2020,161529458,134119222,27,"C",13,,""
2020,161529466,134113991,5,"C",13,,""
2020,161534759,134114007,51,"C",1,,""
2020,161529485,134114012,45,"C",13,,""
2020,161529498,134119259,51,"C",13,,""
2020,161529496,134119259,18,"C",13,,""
2020,161529525,134119281,51,"C",1,,""
2020,161534802,134114049,7,"C",18,,""
2020,161534816,134119298,40,"C",1,,""
2020,163111633,135474246,51,"C",1,,""
2020,163111598,135474216,45,"C",13,,""
2020,163111624,135474241,51,"C",13,,""
2020,163111625,135474241,62,"C",13,,""
2020,163105235,135474319,5,"C",1,,""
2020,163111721,135469394,18,"C",1,,""
2020,161534780,134114026,18,"C",1,,""
2020,163105198,135474218,51,"C",1,,""
2020,163105206,135474240,51,"C",1,,""
2020,163111716,135474324,40,"C",18,,""
2020,163105240,135474324,39,"C",1,,""
2020,163111617,135474234,40,"C",1,,""
2020,163111594,135474211,45,"C",1,,""
2020,163105236,135474320,51,"C",1,,""
2020,163105239,135474322,40,"C",1,,""
2020,161534762,134119244,47,"C",11,,""
2020,161529524,134119282,51,"C",1,,""
2020,161534812,134114057,45,"C",1,,""
2020,161534823,134114062,16,"C",1,,""
2020,161529488,134119248,51,"C",1,,""
2020,161529510,134114037,51,"C",1,,""
2020,161534743,134119229,40,"C",13,,""
2020,161529474,134119236,51,"C",13,,""
2020,161529491,134119253,44,"C",1,,""
2020,161529483,134114010,39,"C",13,,""
2020,161529468,134113996,27,"C",13,,""
2020,161534764,134114016,45,"C",1,,""
2020,161529499,134114024,51,"C",1,,""
2020,161534786,134119265,21,"C",18,,""
2020,161534790,134114032,44,"C",1,,""
2020,161534795,134119277,18,"C",13,,""
2020,161534761,134114015,40,"C",1,,""
2020,161529503,134119267,21,"C",18,,""
2020,161534798,134114045,51,"C",13,,""
2020,161534835,134119308,51,"C",1,,""
2020,161534788,134119268,51,"C",13,,""
2020,161529523,134119280,45,"C",13,,""
2020,161529540,134119307,5,"C",18,,""
2020,161529539,134119307,14,"C",18,,""
2020,161529490,134119252,44,"C",1,,""
2020,161534783,134119264,40,"C",1,,""
2020,161534800,134119285,51,"C",1,,""
2020,161534834,134114066,5,"C",13,,""
2020,161534828,134114064,5,"C",25,,""
2020,161534771,134114020,40,"C",1,,""
2020,161529492,134114022,44,"C",13,,""
2020,161534782,134114028,44,"C",13,,""
2020,161534789,134119269,51,"C",1,,""
2020,161534796,134114044,27,"C",1,,""
2020,161534787,134114031,45,"C",1,,""
2020,161534791,134114036,18,"C",1,,""
2020,161529517,134119275,51,"C",13,,""
2020,161529527,134114050,51,"C",1,,""
2020,161529497,134119260,18,"C",1,,""
