"DATA_YEAR","PROPERTY_ID","PROP_DESC_ID","PROPERTY_VALUE","DATE_RECOVERED","NIBRS_PROP_DESC_ID"
2020,124074720,63,1,,137673719
2020,124068160,4,200,,137683868
2020,124068160,16,25,,137683869
2020,124068162,63,15,,137683871
2020,124068161,63,15,26-JAN-20,137683870
2020,126101437,10,,,140034558
2020,126101427,20,330,,140034544
2020,126101433,9,0,,140034552
2020,126101437,11,10,,140034557
2020,126101443,6,200,,140034563
2020,126101443,63,80,,140034564
2020,126101443,7,537,,140034562
2020,126101459,63,225,,140034575
2020,126101461,38,1000,,140034577
2020,126101467,38,375,,140034582
2020,122826742,63,20,,135939913
2020,122826628,10,,,135939783
2020,122826743,38,288,,135939914
2020,122826744,10,,,135939915
2020,122826745,4,90,,135939916
2020,122826742,21,22,,135939911
2020,122826742,25,20,,135939912
2020,122826742,23,350,,135939910
2020,122826741,23,350,17-JAN-20,135939909
2020,126101419,23,800,,140034528
2020,126101421,21,160,,140034535
2020,126101401,19,48,,140030071
2020,126101419,25,25,,140034530
2020,126101419,21,300,,140034529
2020,126101419,63,1,,140034531
2020,126101414,38,150,,140034521
2020,126101396,23,1000,,140034497
2020,126101406,10,,,140034513
2020,126101407,20,20,,140034514
2020,126101413,4,120,,140034520
2020,126101412,16,5,,140034519
2020,126101398,38,863,,140034500
2020,126101489,38,400,,140034610
2020,126101436,33,1000,,140034556
2020,126101438,38,500,,140034559
2020,126101450,26,200,,140034568
2020,126101493,8,8,19-MAR-20,140034617
2020,126101494,8,8,,140034618
2020,126101501,4,400,,140034624
2020,126101501,16,25,,140034625
2020,126101501,38,20,,140034626
2020,126101463,63,1500,,140034578
2020,126101466,26,159,,140034581
2020,126101469,19,2,,140034585
2020,126101469,63,1,,140034586
2020,126101469,9,0,,140034587
2020,126101469,25,10,,140034584
2020,126101484,23,1600,,140034605
2020,126101483,63,1,,140034604
2020,126101477,21,40,21-APR-20,140034596
2020,126101418,19,150,,140034526
2020,126101418,63,1,,140034527
2020,126101418,25,250,,140034525
2020,126101470,10,,,140034588
2020,126101478,21,40,,140034598
2020,126101478,25,50,,140034597
2020,126101481,31,500,,140034602
2020,126101485,38,200,,140034606
2020,126101486,63,500,,140034607
2020,126101487,10,,,140034608
2020,126101488,23,1000,,140034609
2020,126101495,16,10,,140034619
2020,126101496,4,200,,140034620
2020,126101506,23,500,05-MAR-20,140034631
2020,126101507,23,500,,140034632
2020,126101510,7,463,24-FEB-20,140034634
2020,126101511,7,463,,140034635
2020,130115654,38,300,,145116368
2020,126101519,38,100,,140034644
2020,126101516,9,0,,140034641
2020,126101516,63,1,,140034642
2020,126101516,25,15,,140034640
2020,126101524,63,50,,140034655
2020,126101525,38,1300,,140034656
2020,126101537,63,15,,140034675
2020,126101537,25,5,,140034676
2020,126101537,6,1,,140034677
2020,126101537,21,600,,140034674
2020,126101535,26,45,,140034671
2020,126101536,6,1,06-APR-20,140034673
2020,126101536,63,1,06-APR-20,140034672
2020,126101538,16,350,,140034678
2020,126101540,26,240,,140034679
2020,126101542,38,250,,140034681
2020,126101544,6,200,,140034683
2020,126101543,16,100,,140034682
2020,126101458,38,200,,140034574
2020,126101460,38,250,,140034576
2020,126101465,20,80,,140034580
2020,126101464,20,80,20-APR-20,140034579
2020,126101468,63,1000,,140034583
2020,126101473,23,1000,,140034590
2020,126101480,7,750,,140034601
2020,126101480,24,41755,,140034600
2020,126101479,24,41755,18-APR-20,140034599
2020,126101490,38,2400,,140034611
2020,126101491,47,0,,140034615
2020,126101491,25,62,,140034612
2020,126101491,21,6,,140034614
2020,126101491,63,45,,140034613
2020,126101492,38,10000,,140034616
2020,126101497,26,150,,140034621
2020,126101545,63,1000,,140034684
2020,126101546,38,200,,140034685
2020,126101411,19,2,,140034518
2020,126101417,63,5,,140034524
2020,126101416,38,500,,140034523
2020,126101424,21,100,,140034538
2020,126101451,23,1000,13-MAR-20,140034569
2020,126101452,23,1000,,140034570
2020,126101455,21,80,,140034572
2020,126101455,25,50,,140034573
2020,126101527,23,600,10-APR-20,140034658
2020,126101527,63,180,10-APR-20,140034659
2020,126101528,23,600,,140034660
2020,126101528,63,180,,140034661
2020,126101530,21,12,,140034663
2020,126101530,19,3,,140034664
2020,126101529,21,12,13-APR-20,140034662
2020,126101532,38,3000,,140034665
2020,126101534,63,3750,,140034670
2020,126101499,23,1000,,140034622
2020,126101500,23,500,,140034623
2020,126101502,38,200,,140034627
2020,126101504,23,800,06-MAR-20,140034629
2020,126101505,23,800,,140034630
2020,126101512,38,2426,,140034636
2020,126101513,38,863,,140034637
2020,126101428,23,900,,140034545
2020,126101453,63,200,,140034571
2020,126101422,38,500,,140034536
2020,126101423,63,5,,140034537
2020,126101428,25,20,,140034546
2020,126101431,10,,,140034549
2020,126101432,9,0,,140034551
2020,126101439,23,1,,140034560
2020,126101446,23,100,22-MAR-20,140034565
2020,126101447,23,100,,140034566
2020,126101448,63,5,,140034567
2020,130113230,4,200,,145121251
2020,130115542,38,225,,145116212
2020,130115582,25,10,20-MAR-20,145116268
2020,130115614,63,500,,145116307
2020,130115626,4,149,,145116321
2020,130115626,16,20,,145116322
2020,130113230,16,35,,145121252
2020,130113190,36,5,,145116220
2020,130113210,23,100,,145116270
2020,130113210,25,10,,145121226
2020,130115625,26,150,,145116320
2020,130115630,38,315,,145116325
2020,130115552,63,45,,145116230
2020,130115552,26,200,,145116229
2020,130115552,23,1000,,145116228
2020,130113198,3,2000,12-JUN-20,145121209
2020,130115559,3,2000,,145121210
2020,130115617,63,2,,145121260
2020,130115605,21,154,,145116297
2020,132419874,63,300,,147975799
2020,130115617,9,0,,145116310
2020,130115617,25,20,,145121259
2020,130115617,21,40,,145121258
2020,132418780,63,80,,147975852
2020,132418780,21,200,,147975850
2020,132418780,25,80,,147975851
2020,130115621,63,45,,145116318
2020,130115621,4,150,,145116317
2020,130113248,38,546,,145121274
2020,130113214,10,,,145121233
2020,130115647,38,1550,,145116352
2020,130115647,16,2000,,145121272
2020,124073630,38,500,,137680695
2020,124068163,7,1200,25-FEB-20,137683873
2020,124068163,23,1200,25-FEB-20,137683874
2020,122826694,21,8,,135939852
2020,122826696,13,50,,135939853
2020,124073640,10,,,137680702
2020,125636367,23,800,,139581209
2020,125636390,16,3,,139581250
2020,125636390,36,50,,139581248
2020,125636390,20,10,,139581249
2020,125636385,23,150,,139581238
2020,125636367,26,1000,,139581207
2020,122826750,10,,,135939921
2020,127059219,4,150,,141275980
2020,127059218,16,5,,141265935
2020,125639852,38,500,,139582674
2020,125639855,10,,,139582677
2020,125639855,21,350,,139582676
2020,125639854,38,600,,139582675
2020,122826759,63,9300,,135939926
2020,122826760,38,250,,135939927
2020,122826761,36,405,,135939928
2020,122826751,38,288,,135939922
2020,122826755,10,,,135939923
2020,122826757,38,500,,135939924
2020,124073638,23,650,,137683872
2020,124073637,38,200,,137680700
2020,124073645,9,0,,137680709
2020,124073645,63,1,,137680710
2020,124073645,23,1000,,137680708
2020,124068169,10,,,137683887
2020,124068170,10,,,137683888
2020,124068173,10,,,137683894
2020,124068175,63,1,,137683897
2020,124068175,25,50,,137683896
2020,124068177,24,4000,,137683899
2020,124068181,10,,,137683902
2020,124068183,23,1500,,137683904
2020,124068182,23,1500,20-FEB-20,137683903
2020,124068187,38,1350,,137683910
2020,124068188,63,5,,137683911
2020,133319643,63,1000,,149122463
2020,133319702,38,600,,149122549
2020,133317907,63,83,,149116355
2020,133317947,38,1000,,149116402
2020,122826649,10,,,135939806
2020,122826654,10,,,135939811
2020,122826663,10,,,135939822
2020,122826665,38,200,,135939824
2020,122826667,63,1,,135939826
2020,122826666,63,1,23-JAN-20,135939825
2020,122826668,10,,,135939827
2020,122826698,16,710,,135939855
2020,122826698,25,180,,135939856
2020,122826699,10,,,135939858
2020,122826699,13,1,,135939857
2020,122826702,10,,,135939861
2020,122826703,10,,,135939862
2020,125636378,63,200,,139581223
2020,129373279,63,215,,144192144
2020,129373249,23,70,,144192111
2020,129373249,20,20,,144192112
2020,129373229,38,300,,144194057
2020,129373248,23,70,09-JUN-20,144192110
2020,129377017,63,750,,144194107
2020,129373235,38,3215,,144192093
2020,129373262,38,2000,,144192123
2020,129376997,38,200,,144194081
2020,130115613,16,20,,145121250
2020,131114635,4,700,14-SEP-20,146389609
2020,131114638,4,350,,146389613
2020,130115613,63,100,,145121249
2020,130115613,4,700,,145121248
2020,131119639,16,10,,146385189
2020,130115632,63,3415,,145116330
2020,131119637,38,500,,146385188
2020,129373258,21,285,,144192121
2020,129373266,63,857,,144192126
2020,129376973,25,20,,144194054
2020,129376973,19,10,,144194055
2020,129376990,38,300,,144194073
2020,129373265,38,40,,144192125
2020,129373224,38,600,,144192080
2020,129373243,38,225,,144192101
2020,129373254,38,500,,144192117
2020,129373268,8,50,,144192128
2020,129377009,63,500,,144194097
2020,129373271,3,3000,11-JUL-20,144192132
2020,129373272,3,3000,,144192133
2020,129373247,8,1,,144192107
2020,129373236,63,400,,144192094
2020,129373238,16,5,,144192096
2020,129373237,16,5,06-JUL-20,144192095
2020,129373247,10,,,144192108
2020,129373270,38,500,,144192131
2020,129373292,63,1200,,144192158
2020,129373282,38,125,,144192147
2020,129373293,26,100,,144192161
2020,129373293,6,1200,,144192159
2020,129373293,23,400,,144192160
2020,129373267,63,1300,,144192127
2020,130113246,38,225,,145121270
2020,129377018,38,284,,144194108
2020,129373257,4,480,,144192119
2020,129373257,16,20,,144192120
2020,129373284,4,200,,144192148
2020,130113216,63,2,,145121236
2020,130115563,23,300,,145116243
2020,130115562,23,300,25-FEB-20,145121215
2020,130115629,38,700,,145116324
2020,130115634,24,20000,09-JUL-20,145116334
2020,130115635,24,20000,,145116336
2020,130113249,63,200,,145121275
2020,130115655,21,20,,145116369
2020,129373290,4,1000,,144192154
2020,129373290,16,20,,144192155
2020,129373281,38,138,,144192146
2020,129377010,21,200,,144194098
2020,129373226,63,1,,144192082
2020,129373228,4,980,,144192085
2020,129377010,23,50,,144194099
2020,129373285,38,100,,144192149
2020,129373251,63,500,,144192114
2020,129373256,10,,,144194067
2020,130113217,10,,,145121237
2020,130115560,63,25,,145116235
2020,130113200,4,80,,145121211
2020,130113217,63,1,,145116291
2020,130113218,26,180,,145116296
2020,130115638,38,400,,145116339
2020,130115650,38,500,,145116361
2020,122826819,63,75,,135939988
2020,122826819,10,,,135939989
2020,122826822,10,,,135939990
2020,122826823,10,,,135939991
2020,122826824,23,800,,135939992
2020,122826825,6,140,01-JAN-20,135939993
2020,122826826,6,140,,135939994
2020,122826827,10,,,135939995
2020,122826829,10,,,135939996
2020,122826831,3,5000,09-JAN-20,135939997
2020,122826832,3,5000,,135939998
2020,127059666,21,136,17-MAY-20,141265889
2020,127059191,21,136,,141275951
2020,127059694,38,750,,141265923
2020,127059217,10,,,141265932
2020,127059677,38,160,,141265899
2020,127059687,38,25,,141265913
2020,127059208,63,200,,141265917
2020,127059683,25,50,,141265904
2020,127059661,10,,,141265880
2020,127059672,23,500,,141265896
2020,127059671,23,500,14-MAY-20,141265895
2020,127059683,9,0,,141265908
2020,127059683,23,50,,141265905
2020,127059683,63,1,,141265909
2020,127059683,21,20,,141265907
2020,127059224,23,800,,141265941
2020,129377011,23,200,,144194100
2020,129373234,38,650,,144192092
2020,129373277,38,100,,144192142
2020,129373278,63,5,,144192143
2020,129377019,16,1,,144194109
2020,125639856,10,,,139582678
2020,125639857,10,,,139582679
2020,125639858,10,,,139582680
2020,125639859,38,850,,139582681
2020,125639860,19,12,,139582684
2020,125639860,63,35,,139582683
2020,125639860,23,900,,139582682
2020,125639862,63,100,,139582685
2020,125639865,23,150,,139582695
2020,125639865,20,600,,139582694
2020,122826795,10,,,135939969
2020,122826798,26,150,,135939970
2020,122826800,10,,,135939971
2020,122826801,10,1,,135939972
2020,122826801,11,1,,135939973
2020,122826804,63,492,,135939976
2020,122826805,11,1,,135939977
2020,122826805,10,,,135939978
2020,122826806,63,150,,135939979
2020,122826807,63,636,,135939980
2020,122826810,23,1000,,135939983
2020,122826811,10,,,135939984
2020,122826732,4,250,10-JAN-20,135939897
2020,122826733,38,300,,135939898
2020,122826735,38,750,,135939900
2020,122826740,36,150,,135939908
2020,122826773,63,1,,135939942
2020,122826637,23,125,,135939795
2020,122826762,38,900,,135939929
2020,122826763,38,350,,135939930
2020,122826768,6,300,,135939933
2020,122826772,10,,,135939941
2020,122826774,10,,,135939943
2020,122826777,4,130,,135939946
2020,122826781,38,100,,135939951
2020,122826780,38,400,,135939950
2020,122826783,25,140,,135939957
2020,122826783,7,1100,,135939955
2020,122826783,23,800,,135939956
2020,122826783,21,60,,135939958
2020,122826782,23,800,11-JAN-20,135939953
2020,122826782,25,140,11-JAN-20,135939954
2020,122826782,7,1100,11-JAN-20,135939952
2020,122826784,63,260,,135939959
2020,122826786,36,500,,135939961
2020,122826785,38,250,,135939960
2020,122826787,10,,,135939962
2020,122826808,23,50,03-JAN-20,135939981
2020,122826809,23,50,,135939982
2020,122826814,10,,,135939985
2020,122826817,38,2500,,135939986
2020,122826818,63,30,,135939987
2020,122826671,10,,,135939830
2020,122826678,10,,,135939836
2020,122826679,10,,,135939837
2020,122826683,63,500,,135939840
2020,122826686,38,1000,,135939842
2020,122826688,10,,,135939843
2020,122826689,10,,,135939845
2020,129376984,38,800,,144192109
2020,129376993,38,450,,144194077
2020,129373261,63,50,,144194078
2020,124068204,9,0,,137683932
2020,129373227,63,1,,144192084
2020,129373239,23,700,,144192097
2020,129373250,42,50,,144192113
2020,124068202,23,500,,137683926
2020,124068203,10,,,137683927
2020,124068204,25,50,,137683930
2020,124068204,19,2,,137683931
2020,124068204,26,105,,137683929
2020,124068204,63,1,,137683933
2020,124068210,23,600,,137683941
2020,124068210,26,135,,137683942
2020,124068211,38,1274,,137683943
2020,124068212,23,800,,137683944
2020,124068213,63,120,,137683945
2020,124068213,6,50,,137683946
2020,124068214,21,800,,137683947
2020,124068200,26,80,,137683923
2020,124068200,63,20,,137683924
2020,124068200,16,590,,137683921
2020,124068200,25,350,,137683922
2020,124068196,23,500,25-JAN-20,137683920
2020,124068198,38,64,,137680768
2020,124068194,16,100,,137683918
2020,124068195,63,20,,137683919
2020,124068197,11,1,,137680767
2020,124073776,4,700,05-FEB-20,137680846
2020,124073767,10,,,137680838
2020,124073768,10,,,137680839
2020,124073771,38,250,,137680842
2020,124073772,25,150,,137680843
2020,124073777,10,,,137680847
2020,124073778,10,,,137680848
2020,124073780,63,50,04-FEB-20,137680850
2020,124073781,63,50,,137680852
2020,124073781,23,250,,137680851
2020,124073787,10,,,137680853
2020,124073788,10,,,137680854
2020,124073791,10,,,137680855
2020,124073792,26,1000,,137680856
2020,124073794,23,750,,137680858
2020,124073793,23,750,04-FEB-20,137680857
2020,124073795,21,50,,137680859
2020,124073796,63,325,,137680860
2020,124073798,10,,,137680861
2020,124073800,10,,,137680862
2020,124073802,10,,,137680864
2020,124073804,23,250,,137680866
2020,124073805,10,,,137680867
2020,124073807,23,1500,,137680868
2020,124073808,4,1200,,137680869
2020,124073810,23,999,,137680871
2020,124073809,23,999,01-FEB-20,137680870
2020,124073812,63,5,01-FEB-20,137680873
2020,124073813,23,1000,,137680874
2020,124073813,63,5,,137680876
2020,124073813,17,100,,137680875
2020,124073814,10,,,137680877
2020,124073815,63,1,,137680881
2020,124073815,21,1,,137680879
2020,124073815,19,1,,137680880
2020,124073815,9,0,,137680882
2020,124073815,25,50,,137680878
2020,124073816,23,600,,137680883
2020,124073816,63,10,,137680884
2020,124073817,63,10000,,137680885
2020,122826600,23,1200,,135939742
2020,122833873,10,,,135949269
2020,122833879,63,15,,135949279
2020,122833879,4,650,,135949278
2020,122833831,10,,,135949221
2020,122833882,38,770,,135949284
2020,127059670,6,40,,141265893
2020,127059655,10,,,141265868
2020,127059670,51,0,,141265894
2020,127059670,63,5,,141275954
2020,127059681,10,,,141265903
2020,127059689,22,0,,141275965
2020,127059689,25,15,,141275964
2020,127059689,21,20,,141265914
2020,127059691,42,450,,141275972
2020,122833902,16,20,,135949308
2020,122833838,10,,,135949228
2020,122833883,10,,,135949285
2020,122833893,38,400,,135949293
2020,122833901,3,5000,15-JAN-20,135949305
2020,122833901,16,20,16-JAN-20,135949306
2020,122833902,3,5000,,135949307
2020,122833906,38,1300,,135949313
2020,122826684,63,50,,135939841
2020,122833916,26,180,,135949320
2020,122833916,23,1300,,135949319
2020,122833923,10,,,135949327
2020,125639808,63,165,,139582625
2020,122833917,10,,,135949322
2020,122833917,11,1,,135949321
2020,122833918,21,5,,135949324
2020,122833918,6,665,,135949323
2020,124073759,23,1300,,137680831
2020,124073760,10,,,137680832
2020,124073762,24,3000,,137680834
2020,124073764,10,,,137680836
2020,124073765,63,60,,137680837
2020,124073713,10,,,137680789
2020,124068205,10,,,137683934
2020,124073711,10,,,137680787
2020,124073712,10,,,137680788
2020,124073716,63,20,16-FEB-20,137680796
2020,124073717,23,300,,137680797
2020,124073717,25,50,,137680798
2020,124073717,63,20,,137680799
2020,124073724,10,,,137680804
2020,124073727,10,,,137680807
2020,124073688,10,,,137680766
2020,124073690,10,,,137680769
2020,124073696,23,650,,137680774
2020,124073695,23,650,21-FEB-20,137680773
2020,124073730,10,,,137680808
2020,124073733,38,50,,137680811
2020,124073732,38,50,12-FEB-20,137680810
2020,124073736,10,,,137680814
2020,124073737,33,300,,137680815
2020,124073743,23,1000,,137680821
2020,124073742,23,1000,12-FEB-20,137680820
2020,124073744,19,24,13-FEB-20,137680822
2020,124073747,23,400,,137680823
2020,124073751,10,,,137680827
2020,124073752,11,1,,137680828
2020,124073757,10,,,137680829
2020,127059693,8,25,,141265922
2020,127059665,23,850,,141265888
2020,127059693,63,40,,141275974
2020,127059693,21,40,,141265921
2020,127059209,63,40,30-APR-20,141265919
2020,129376998,63,153,,144194083
2020,129377012,16,5,,144194102
2020,129377012,4,800,,144194101
2020,130115545,10,,,145116217
2020,129373259,4,200,,144192122
2020,129373263,10,,,144194082
2020,129377001,38,170,,144194086
2020,130113215,4,160,,145116287
2020,130113215,16,18,,145121235
2020,130113222,38,500,,145121244
2020,130113224,38,700,,145121245
2020,124073649,10,,,137680713
2020,124073651,23,1000,,137680715
2020,124073654,7,1500,,137680719
2020,124073654,6,35,,137680720
2020,124073655,23,200,15-JAN-20,137680722
2020,124073655,7,1500,15-JAN-20,137680721
2020,124073656,16,175,,137680725
2020,124073656,7,1500,,137680723
2020,124073656,23,200,,137680724
2020,124073657,23,500,24-FEB-20,137680726
2020,124073658,23,500,,137680727
2020,124073659,38,64,,137680728
2020,124073626,10,,,137680691
2020,130113199,10,,,145116234
2020,124073634,38,250,,137680697
2020,130113203,63,20,,145121213
2020,130113203,10,,,145116240
2020,130113203,23,200,,145116236
2020,130113203,25,3,,145116239
2020,130113203,21,2019,,145121212
2020,130115564,38,6195,,145116242
2020,124073646,10,,,137680711
2020,124073647,23,150,,137680712
2020,124073650,10,,,137680714
2020,124073662,23,800,,137680731
2020,130115611,4,349,,145116302
2020,130115611,16,20,,145116303
2020,124073672,10,,,137680748
2020,124073675,38,500,,137680750
2020,124073676,63,34,,137680751
2020,124068179,23,1150,,137683900
2020,124068179,63,20,,137683901
2020,130113227,11,1,,145121246
2020,130113226,23,25,08-AUG-20,145116305
2020,130113228,23,25,,145121247
2020,124073680,38,200,,137680760
2020,124073681,38,667,,137680761
2020,124073682,38,200,,137680762
2020,124073683,7,1000,,137680763
2020,124073686,10,,,137680765
2020,124073686,11,1,,137680764
2020,124074716,10,,,137680688
2020,125636396,37,50000,,139581257
2020,125636397,63,200,,139581258
2020,125636398,38,7361,,139581259
2020,125636399,38,225,,139581260
2020,125636400,38,500,,139581261
2020,125636404,36,996,,139581263
2020,125636408,23,1100,,139581269
2020,125636412,9,0,,139581275
2020,125636412,21,250,,139581274
2020,125636413,21,9,,139581276
2020,125636416,63,75,,139582634
2020,125636418,19,50,,139581280
2020,125636417,19,50,22-MAR-20,139581279
2020,125636425,26,250,,139581292
2020,125636424,16,95,,139581291
2020,125636429,63,180,,139581296
2020,125636427,38,3550,,139581294
2020,125636428,63,180,26-FEB-20,139581295
2020,125636430,63,50,,139581297
2020,125639821,38,250,,139582640
2020,125639822,21,4,,139582641
2020,125636432,25,10,,139581304
2020,125636433,38,100,,139581305
2020,125636434,38,400,,139581306
2020,125636436,63,20,,139581309
2020,125636436,9,0,,139581310
2020,125636436,21,150,,139581308
2020,125636437,36,450,,139581311
2020,125636438,23,794,,139581312
2020,125636438,63,15,,139581313
2020,125636439,23,1400,,139581314
2020,125636439,26,250,,139581315
2020,125639830,23,1200,,139582653
2020,125636446,38,546,,139581320
2020,125636447,7,733,,139581321
2020,125636448,38,126,,139581322
2020,125636451,9,0,,139581323
2020,125636453,23,500,,139581324
2020,125636454,23,450,,139581325
2020,125636454,63,15,,139581326
2020,125636456,63,75,,139581328
2020,125636457,10,,,139581329
2020,125636458,16,200,,139581330
2020,125636460,38,50,,139581331
2020,125636462,26,50,,139581334
2020,125636464,38,700,,139581336
2020,125636463,38,200,,139581335
2020,125636465,23,300,29-FEB-20,139581337
2020,125636466,23,330,,139581338
2020,125636467,10,,,139581340
2020,125636467,21,21,,139581339
2020,125636468,10,,,139581341
2020,125636469,4,300,,139581342
2020,125636472,21,560,,139581344
2020,125636476,38,15,,139581346
2020,125636475,38,10,,139581345
2020,125636477,63,40,,139581348
2020,125636477,23,1500,,139581347
2020,125636479,10,,,139581349
2020,125636480,63,140,,139581350
2020,125636483,23,1300,,139581353
2020,125636485,63,50,,139581356
2020,125636485,23,1250,,139581355
2020,125636486,38,1500,,139581357
2020,125636488,10,,,139581358
2020,125636489,38,546,,139581359
2020,125636490,38,400,,139581360
2020,125639864,21,10,,139582693
2020,125639864,23,1200,,139582690
2020,125639864,63,50,,139582692
2020,125639864,17,500,,139582691
2020,125639863,63,50,29-FEB-20,139582688
2020,125639863,17,500,29-FEB-20,139582687
2020,125639863,23,1200,29-FEB-20,139582686
2020,125639863,21,10,29-FEB-20,139582689
2020,125636493,23,350,,139581366
2020,125636492,23,350,07-MAR-20,139581365
2020,125636494,38,322,,139581367
2020,125636497,63,150,,139581371
2020,125636498,21,60,,139581372
2020,125636498,10,,,139581373
2020,125636500,4,300,,139581375
2020,125636501,23,650,,139581376
2020,125639876,23,900,,139582701
2020,125636504,23,500,,139581377
2020,125639878,63,400,,139582703
2020,125639879,63,100,,139582704
2020,125639881,23,499,,139582706
2020,125639880,38,250,,139582705
2020,125636511,10,,,139581381
2020,125636512,23,800,,139581382
2020,125639882,23,900,,139582707
2020,125636513,10,,,139581383
2020,125636514,21,21,,139581384
2020,125636519,10,,,139581385
2020,125636522,63,80,,139581388
2020,125636521,38,1200,,139581387
2020,125636523,23,800,,139581389
2020,125636395,23,700,,139581256
2020,125636409,38,500,,139581270
2020,125636421,38,500,,139581285
2020,125639799,22,0,,139582614
2020,125639799,19,1,,139582613
2020,125639799,21,70,,139582611
2020,125639799,25,50,,139582612
2020,125639799,63,1,,139582616
2020,125639799,9,0,,139582615
2020,125639806,38,250,,139582623
2020,125636391,63,30,,139581252
2020,125636391,23,220,,139581251
2020,125639810,38,375,,139582627
2020,130113234,16,100,,145116312
2020,130113234,21,45,,145116313
2020,130113234,23,300,,145116311
2020,125639812,38,225,,139582629
2020,130115637,21,700,,145116335
2020,130115637,63,1,,145116338
2020,130115637,25,20,,145116337
2020,125639816,38,546,,139582635
2020,125639818,11,1,,139582636
2020,125639818,10,,,139582637
2020,125639820,38,80,,139582639
2020,125636431,7,2000,25-FEB-20,139581298
2020,125636431,63,125,25-FEB-20,139581300
2020,125636431,16,5,25-FEB-20,139581301
2020,125636431,23,1400,25-FEB-20,139581299
2020,125639823,16,5,,139582643
2020,125639823,63,185,,139582642
2020,125639823,7,2000,,139581302
2020,125639823,23,1400,,139581303
2020,125639824,38,146,,139582644
2020,125639825,38,500,,139582645
2020,125639826,6,250,,139582646
2020,125639827,16,15,,139582649
2020,125639827,4,250,,139582647
2020,125639827,63,25,,139582648
2020,125639828,25,20,14-FEB-20,139582650
2020,125639829,21,65,,139582651
2020,125639829,25,20,,139582652
2020,125639832,23,900,,139582654
2020,125639833,7,800,,139582655
2020,125639835,63,1,,139582657
2020,125639836,63,100,,139582658
2020,125639837,6,150,,139582659
2020,125639837,16,150,,139582660
2020,125639839,63,70,,139582663
2020,125639839,7,800,,139582662
2020,125639838,38,1750,,139582661
2020,125639842,63,20,,139582667
2020,125639842,23,750,,139582666
2020,125639846,23,700,,139582670
2020,125639848,23,80,,139582672
2020,125639847,23,80,12-FEB-20,139582671
2020,125636495,16,30,,139581368
2020,125636495,63,20,,139581369
2020,125636499,10,,,139581374
2020,125639873,38,200,,139582699
2020,125639875,36,526,,139582700
2020,125639877,38,688,,139582702
2020,125636507,38,500,,139581378
2020,125636508,23,1100,12-FEB-20,139581379
2020,125636509,23,1100,,139581380
2020,125639883,23,500,,139582708
2020,125639885,35,999,,139582710
2020,125639886,23,500,,139582711
2020,125639887,63,1,,139582712
2020,125639804,23,1000,,139582621
2020,129373260,38,400,,144194072
2020,127059669,63,2000,,141275955
2020,129376996,4,160,,144194080
2020,129373280,38,200,,144192145
2020,129377006,38,546,,144194093
2020,127806096,4,200,,142243345
2020,127806119,63,315,,142243377
2020,127806117,63,315,12-JUN-20,142243375
2020,127806094,16,35,,142243342
2020,127806134,63,100,15-MAY-20,142225331
2020,127806134,21,50,15-MAY-20,142243397
2020,127806134,6,15,15-MAY-20,142225335
2020,127806154,38,150,,142243430
2020,127806103,63,4686,,142243349
2020,127793285,33,700,,142225336
2020,127793286,21,50,,142243403
2020,127793286,6,15,,142243404
2020,127793286,63,100,,142243400
2020,127793262,63,251,,142225306
2020,127806135,8,15,,142243402
2020,127806135,25,20,,142243401
2020,127806135,21,850,,142243398
2020,127806135,23,125,,142243399
2020,127793298,21,1,,142243418
2020,127793299,63,2000,,142225349
2020,127806161,38,200,,142243438
2020,127806116,63,40,,142243373
2020,127806100,63,3000,,142243348
2020,127793263,35,170,,142225307
2020,127806115,63,40,17-JUN-20,142243372
2020,127793326,16,10,,142225380
2020,127806165,4,200,,142243445
2020,127793242,4,650,,142243343
2020,127793242,63,25,,142243344
2020,127806101,10,,,142225294
2020,127793252,35,900,,142243351
2020,127806104,38,300,,142243350
2020,127806108,63,900,,142243358
2020,127806109,38,546,,142225301
2020,127793260,63,40,,142225305
2020,127793260,23,700,,142225304
2020,127793264,23,800,,142225308
2020,127806121,13,30,,142243379
2020,127793258,21,40,,142225302
2020,127793258,25,10,,142225303
2020,127806124,38,20,,142243384
2020,127793278,38,100,,142225323
2020,127806127,23,850,,142243388
2020,127793280,63,1,,142225327
2020,127806136,35,170,,142243405
2020,127806138,33,700,,142243408
2020,127793294,63,750,,142225343
2020,127793296,16,25,,142225345
2020,127793296,4,1000,,142243414
2020,127806146,63,1000,,142243419
2020,127793305,63,100,,142243420
2020,127806147,63,50,,142225358
2020,127806148,33,700,,142243421
2020,127793311,38,546,,142243424
2020,127806143,20,120,,142225346
2020,127806150,63,20,,142243425
2020,127806153,15,2000,,142225365
2020,127793314,35,500,,142225366
2020,127793321,63,20,,142225372
2020,127806160,23,699,,142243437
2020,127806167,38,546,,142243447
2020,127793327,63,100,,142225381
2020,127806173,4,450,,142225387
2020,127793330,38,100,,142225388
2020,130115541,4,10,,145116207
2020,130115541,17,1,,145116209
2020,130115541,6,1,,145116211
2020,130115541,11,1,,145116208
2020,130115601,23,500,,145116290
2020,130115549,25,3950,,145116226
2020,130115557,38,300,,145121208
2020,130115593,4,300,,145116281
2020,130115615,19,10,,145121256
2020,130115615,16,50,,145121255
2020,130115615,25,6,,145121257
2020,130115615,63,28,,145116309
2020,130113232,16,50,20-APR-20,145121254
2020,130113242,19,30,,145121265
2020,130115653,23,700,,145116367
2020,130113252,4,1000,,145121281
2020,130115609,38,546,,145116300
2020,130115627,10,,,145116323
2020,130113238,38,250,,145116327
2020,127793284,10,,,142225330
2020,127806139,38,1020,,142243410
2020,127806137,63,100,,142243406
2020,127806133,16,10,,142225334
2020,127806133,4,800,,142225332
2020,127806133,63,25,,142225333
2020,127806141,24,700,09-JUN-20,142243415
2020,127793297,24,700,,142243416
2020,127793303,23,180,,142225355
2020,127806152,23,1370,,142243429
2020,127793256,38,500,,142225299
2020,127793257,16,250,,142243356
2020,127793289,35,1,,142243407
2020,127806149,63,300,,142243423
2020,127806155,35,250,,142225369
2020,127806162,23,100,,142243439
2020,127059678,21,30,,141265900
2020,127059685,38,800,,141275962
2020,127806128,38,485,,142243389
2020,127806112,23,1000,,142225311
2020,127806112,63,125,,142243361
2020,127806111,23,1000,13-JUN-20,142225310
2020,127806145,4,600,,142225353
2020,127806145,16,50,,142225354
2020,130115622,38,200,,145121261
2020,130115540,21,250,,145116210
2020,130115600,4,130,,145116288
2020,130115600,63,20,,145116289
2020,127059684,3,3500,,141275961
2020,127059674,38,80,,141265897
2020,127059709,10,,,141265942
2020,127059187,6,50,,141275945
2020,127059193,10,,,141265891
2020,127059662,23,190,15-APR-20,141265881
2020,127059187,23,190,,141275944
2020,127059187,19,5,,141275948
2020,127059187,25,5,,141275949
2020,127059187,21,40,,141275946
2020,127059187,63,30,,141275947
2020,127059214,21,130,,141265925
2020,127059214,25,400,,141265924
2020,129376989,38,146,,144194071
2020,127059692,38,150,,141265918
2020,129376991,38,500,,144194075
2020,129377004,26,150,,144194091
2020,130115547,63,1000,,145116224
2020,129373289,21,20,,144192153
2020,129373291,63,15,,144192156
2020,129373291,10,,,144192157
2020,127059222,26,200,,141275984
2020,127059204,63,100,,141275971
2020,127059706,23,849,28-APR-20,141265937
2020,127059706,26,200,28-APR-20,141275982
2020,127059222,23,849,,141265938
2020,129373240,11,15,,144192098
2020,129373240,10,,,144192099
2020,129377007,16,30,,144194095
2020,129377007,4,100,,144194094
2020,130113231,23,600,,145121253
2020,127059668,38,170,,141265892
2020,127059202,26,500,,141265915
2020,127059695,3,11500,,141275977
2020,127059700,16,10,,141265930
2020,127059701,4,600,,141275978
2020,127059701,63,45,,141275979
2020,127059697,21,50,01-MAY-20,141265927
2020,127059699,21,50,,141265929
2020,127059223,38,500,,141275983
2020,127059195,38,1001,,141275956
2020,127059673,38,250,,141275958
2020,127059196,38,250,09-MAY-20,141275957
2020,127059688,25,125,,141265911
2020,127059688,47,0,,141265912
2020,127059688,56,5,,141275963
2020,127059215,10,,,141265926
2020,127059708,4,400,,141265939
2020,127059708,16,15,,141265940
2020,129376986,21,19,,144194068
2020,129376999,10,,,144194084
2020,127793248,23,500,15-MAR-20,142225295
2020,127793246,38,250,,142225290
2020,127793250,20,5,,142225297
2020,127793250,23,500,,142225296
2020,130115640,38,200,,145116341
2020,130115592,63,375,,145116279
2020,130115612,23,700,,145116304
2020,130115612,6,40,,145116306
2020,130115649,51,0,,145116357
2020,130115649,25,20,,145121273
2020,130115649,9,0,,145116355
2020,130115649,63,1,,145116356
2020,130115649,21,140,,145116354
2020,130115649,23,500,,145116353
2020,129376977,63,20,,144194059
2020,129376975,63,20,24-JUL-20,144192086
2020,129376976,11,1,,144194058
2020,129376976,10,1,,144194056
2020,129376980,31,2000,,144194062
2020,129376987,23,300,,144194069
2020,129376992,16,15,,144194076
2020,129376992,4,300,,144194074
2020,129377013,63,250,,144194103
2020,129373286,16,30,,144192151
2020,129373286,4,600,,144192150
2020,129377015,25,20,29-JUN-20,144194105
2020,129377014,25,20,,144194104
2020,129377016,25,20,,144194106
2020,127059194,38,400,,141265890
2020,127059203,21,20,,141275970
2020,127059203,25,50,,141275969
2020,127059203,23,100,,141265916
2020,127059663,38,500,,141265883
2020,127059664,38,200,,141275950
2020,127059650,11,10,,141275936
2020,127059216,21,52,,141265931
2020,127059228,38,250,,141275988
2020,130113247,20,50,,145121271
2020,127059690,63,200,,141275966
2020,127059212,36,1000,,141275976
2020,127059210,38,600,,141265920
2020,127059211,38,1000,,141275975
2020,127059705,63,30,,141265936
2020,127059705,23,1000,,141275981
2020,127793267,21,80,,142243366
2020,127806105,63,300,,142243353
2020,127806114,9,0,06-JUN-20,142243364
2020,127793267,25,1,,142243367
2020,127793267,9,0,,142243369
2020,127793301,38,394,,142225351
2020,127806151,38,20,,142225357
2020,127793317,38,250,,142243432
2020,127793320,63,900,,142225370
2020,133319677,4,200,16-OCT-20,149122515
2020,133319678,4,200,,149122516
2020,127793279,63,1,,142243392
2020,127793279,9,0,,142225326
2020,127793279,21,20,,142225325
2020,127793279,25,30,,142225324
2020,127793306,63,100,,142225359
2020,127793318,63,750,,142225368
2020,131114626,26,1000,,146389590
2020,127806172,23,1000,,142225385
2020,127806172,63,25,,142225386
2020,131114626,63,11,,146389591
2020,131114652,11,10,,146389630
2020,131114653,23,500,,146389631
2020,131114651,23,500,31-AUG-20,146389629
2020,127806156,63,200,,142243433
2020,127793329,38,250,,142225384
2020,130115584,23,200,16-AUG-20,145116267
2020,131119647,63,250,,146385199
2020,131119655,26,12000,,146385207
2020,131114647,21,10,,146385213
2020,130115586,23,200,,145121225
2020,130115624,16,25,,145116319
2020,130115644,16,200,27-JUL-20,145121269
2020,130115645,16,200,,145116350
2020,130115652,63,30,,145116363
2020,130115652,4,100,,145116362
2020,127793309,63,100,,142225362
2020,130115566,24,700,,145116246
2020,130115565,21,20,19-AUG-20,145116244
2020,130113225,63,50,,145116299
2020,127793283,63,1,,142243394
2020,127806140,38,900,,142243412
2020,127793325,25,1,,142225377
2020,127793325,63,1,,142225378
2020,127793325,23,100,,142225376
2020,127793325,21,600,,142243443
2020,127806171,23,250,,142243449
2020,127806095,7,150,,142225284
2020,127806131,16,70,,142243393
2020,127806130,38,1400,,142243391
2020,127806132,9,0,06-JUN-20,142243396
2020,127806132,21,60,06-JUN-20,142243395
2020,129373245,63,15,,144192105
2020,129373232,63,217,,144192089
2020,129373231,63,217,25-JUL-20,144192088
2020,129373245,23,80,,144192104
2020,129373244,23,80,26-JUL-20,144192102
2020,129373244,63,15,26-JUL-20,144192103
2020,129377005,38,200,,144194092
2020,127806159,38,500,,142225373
2020,127793324,63,200,,142225375
2020,127793282,35,800,,142225329
2020,127793273,26,250,,142225316
2020,127793312,63,250,,142225364
2020,127806123,38,428,,142243382
2020,127806126,63,50,,142225319
2020,127806126,47,0,,142243387
2020,127806126,7,1100,,142225318
2020,127806144,38,120,,142225352
2020,127793304,63,100,,142225356
2020,127806168,38,2200,,142243448
2020,127793307,42,500,,142225360
2020,130115596,4,1200,,145116285
2020,130113211,10,,,145116275
2020,130115550,23,500,,145121202
2020,130115550,63,40,,145121204
2020,130113192,63,20,06-JUL-20,145121201
2020,130113235,38,1234,,145121262
2020,130115651,25,25,,145121278
2020,130115651,63,25,,145121279
2020,130115651,23,100,,145121277
2020,130115651,9,0,,145121280
2020,127793300,38,500,,142225347
2020,127793300,36,60,,142225350
2020,127793300,63,130,,142225348
2020,127793310,38,3215,,142225363
2020,130115594,63,1,,145121234
2020,127793270,4,300,,142225314
2020,127806118,63,100,,142243376
2020,127806118,38,156,,142243374
2020,127806142,38,25,,142243417
2020,127806098,21,50,,142225285
2020,127806120,16,12,,142243378
2020,127793276,23,150,,142225317
2020,127806158,63,100,,142243436
2020,127806163,3,25000,02-JUN-20,142243440
2020,127793323,3,25000,,142243441
2020,127793323,13,600,,142243442
2020,131119657,16,10,,146389620
2020,131119635,63,68,,146385187
2020,131114642,4,300,,146389621
2020,131114642,63,40,,146385209
2020,131114650,63,700,,146385217
2020,133317912,63,1,,149122449
2020,133317912,9,0,,149122447
2020,133317912,25,30,,149122446
2020,133317918,19,595,23-NOV-20,149116365
2020,131119633,19,200,,146389604
2020,131119617,11,5,,146385162
2020,131119617,21,94,,146385160
2020,131119617,10,,,146385164
2020,131119633,7,750,,146389603
2020,131119633,63,145,,146389605
2020,131114660,63,40,,146389652
2020,131119678,63,565,,146385238
2020,131119674,38,546,,146385233
2020,131114615,63,250,,146385153
2020,131119653,38,105,,146389618
2020,131119661,26,180,,146385214
2020,133317905,10,,,149116354
2020,133319642,8,1,,149116371
2020,131114633,16,25,,146385183
2020,131119629,4,1500,,146389602
2020,131119648,63,270,,146385200
2020,131114657,63,20,,146389641
2020,131119673,63,75,,146385232
2020,131119673,4,400,,146385229
2020,131119652,63,200,,146385206
2020,131119609,63,1,,146389580
2020,131119625,17,25,,146389595
2020,131114636,38,225,,146389610
2020,131119669,19,10,02-SEP-20,146389639
2020,131119614,25,300,,146385161
2020,131119602,63,25,,146385148
2020,131119613,23,800,23-SEP-20,146385157
2020,131119613,25,300,23-SEP-20,146385158
2020,131119614,23,800,,146385159
2020,131119660,38,165,,146385211
2020,131114644,38,100,,146389625
2020,131114662,38,250,,146389653
2020,131119638,38,200,,146389611
2020,131119615,38,50,,146385167
2020,131114629,63,50,,146389597
2020,131114629,38,200,,146389596
2020,131114640,10,150,,146385204
2020,131119659,38,146,,146385212
2020,131119608,63,25,,146385155
2020,131119636,21,17,,146389608
2020,131119663,63,600,,146385218
2020,132419891,63,1200,,147971647
2020,132419906,63,208,,147975872
2020,132419898,23,700,,147971659
2020,132418772,23,700,06-OCT-20,147971658
2020,132419880,3,15500,10-AUG-20,147971623
2020,132419887,63,170,,147971638
2020,132419887,21,50,,147971639
2020,132419887,6,5,,147971640
2020,133319657,63,400,,149122483
2020,132419880,23,300,10-AUG-20,147971624
2020,132418744,3,15500,,147971625
2020,132418744,23,300,,147971626
2020,132419884,10,,,147971634
2020,133319670,63,260,,149122505
2020,133319703,21,1700,,149116427
2020,132419872,63,500,,147975797
2020,132418738,38,565,,147975803
2020,133319692,23,760,,149122539
2020,132418777,16,20,,147975847
2020,132419882,23,500,,147971632
2020,132418747,23,500,13-OCT-20,147975814
2020,132418777,4,116,,147971662
2020,132418766,23,1600,,147975833
2020,132418789,15,1499,,147975865
2020,132418785,23,50,,147975860
2020,132418789,36,60,,147975866
2020,132418789,16,5,,147971667
2020,133319681,63,1,,149122523
2020,133317910,63,21,,149116357
2020,133317919,10,,,149122453
2020,133319679,38,150,,149122517
2020,133319681,38,240,,149122521
2020,133319681,21,400,,149122518
2020,133319681,25,30,,149122522
2020,132418799,63,274,,147971674
2020,132418740,63,175,,147975805
2020,132418726,10,,,147975788
2020,132418728,16,200,,147975790
2020,132418728,6,50,,147975791
2020,132418791,63,83,,147975868
2020,132419901,63,200,,147975856
2020,132419871,10,,,147975787
2020,132418730,10,10,,147975794
2020,132418748,36,438,,147975815
2020,132419911,63,35,,147975874
2020,132419875,10,,,147975800
2020,132418795,38,500,,147971670
2020,132419905,63,137,,147971671
2020,132418801,63,104,,147975880
2020,132418752,6,100,,147971643
2020,132418739,38,3415,,147975804
2020,132418746,23,700,,147971627
2020,132418746,6,185,,147971630
2020,132418746,25,50,,147975813
2020,132418746,26,170,,147975812
2020,132419883,23,849,,147971635
2020,132418751,16,30,,147975821
2020,132418751,4,500,,147971641
2020,131119623,4,300,,146389593
2020,132418758,63,380,,147975824
2020,132418773,63,50,,147971660
2020,132418773,23,100,,147975843
2020,131119623,16,20,,146385172
2020,131119651,63,700,,146385201
2020,132418774,25,1,15-OCT-20,147975844
2020,132418776,21,500,,147975845
2020,132418776,25,1,,147971661
2020,131114654,63,30,,146389636
2020,131114654,25,120,,146389635
2020,131119642,63,100,,146389614
2020,131119642,10,,,146389615
2020,131119662,24,1500,,146385216
2020,131119667,4,80,,146389637
2020,131119670,16,175,,146389643
2020,131114659,23,1100,,146389648
2020,131114659,63,40,,146389650
2020,131119604,23,200,22-SEP-20,146389570
2020,131119604,63,20,22-SEP-20,146389571
2020,131119604,25,20,22-SEP-20,146385149
2020,131119605,23,200,,146389574
2020,131119605,25,20,,146385154
2020,131119605,63,20,,146385151
2020,131119672,23,800,,146385228
2020,131119672,63,250,,146385231
2020,131114663,23,1000,,146389654
2020,132418761,23,200,,147971650
2020,132419896,8,9,,147971653
2020,132418756,36,800,,147975823
2020,132419895,38,350,,147975829
2020,132419896,26,25,,147971651
2020,132419896,63,25,,147975830
2020,132419896,16,20,,147971652
2020,132418770,38,500,,147971657
2020,132418779,23,1900,,147975848
2020,132418779,21,12,,147975849
2020,132419907,63,417,,147975875
2020,132419912,23,800,,147975878
2020,132419910,23,800,26-SEP-20,147975877
2020,131119610,38,500,,146389579
2020,131114620,26,200,,146385163
2020,131119679,47,0,,146385243
2020,131119676,63,500,,146389649
2020,131119679,63,1,,146385241
2020,131119679,21,40,,146385240
2020,131119679,23,1350,,146385239
2020,131119679,9,0,,146385242
2020,131114661,38,150,,146385237
2020,131119622,38,250,,146385170
2020,131114649,63,1500,,146389628
2020,131119650,4,350,,146385202
2020,131119650,63,14,,146385203
2020,131114641,38,300,,146385205
2020,131114645,63,43,,146385210
2020,131114613,23,200,,146389573
2020,131114612,23,200,28-SEP-20,146389572
2020,131114645,23,400,,146389626
2020,131114643,23,400,08-SEP-20,146389622
2020,131114643,63,43,08-SEP-20,146389624
2020,131119671,38,2896,,146389646
2020,131114630,51,0,,146385180
2020,131119620,11,1,,146389592
2020,131114630,21,50,,146389598
2020,131114630,25,100,,146385177
2020,131114630,9,0,,146385181
2020,131114630,16,10,,146385178
2020,131119603,63,42,,146385150
2020,131114618,36,3347,,146385156
2020,131119646,38,5000,,146385198
2020,131114614,63,68,,146385152
2020,131114648,63,200,,146385215
2020,131114623,11,1,,146389585
2020,131114623,13,1,,146389583
2020,131114623,10,,,146385166
2020,131114655,35,900,,146385223
2020,131119631,35,750,,146385185
2020,131119640,38,500,,146385190
2020,131119641,21,20,,146385191
2020,131119644,38,145,,146385196
2020,131114637,63,300,,146389612
2020,131114646,4,500,,146389627
2020,131114656,38,200,,146385224
2020,132419873,63,20,,147975798
2020,132418741,11,1,,147971617
2020,132418763,3,3000,,147971655
2020,132418800,63,137,,147975879
2020,132418769,16,175,,147975836
2020,132418769,63,45,,147975839
2020,132418769,23,235,,147975835
2020,132418769,6,125,,147975837
2020,132418769,25,10,,147975841
2020,132418797,63,615,,147975873
2020,132418735,63,42,,147975796
2020,132418769,21,95,,147975838
2020,132418769,26,15,,147975840
2020,132418731,10,,,147971613
2020,134040322,23,300,07-DEC-20,150108408
2020,134040320,38,160,,150108405
2020,134040280,38,50,,150108361
2020,134040295,63,900,,150108383
2020,132419892,23,1000,,147975826
2020,132418760,23,1000,23-SEP-20,147975825
2020,132418742,63,25,,147971619
2020,132418742,9,0,,147975808
2020,132418742,7,380,,147975806
2020,132418742,25,10,,147971621
2020,132418742,6,10,,147971620
2020,132418742,23,200,,147975807
2020,132418796,63,68,,147975871
2020,132419879,63,100,,147971618
2020,132418790,10,,,147975867
2020,132419904,63,68,,147971668
2020,132419909,63,250,,147971673
2020,133319634,9,0,,149122445
2020,133319634,25,20,,149122443
2020,133319634,19,1,,149122444
2020,133319634,21,80,,149122442
2020,133317950,23,1400,,149116404
2020,133317948,38,225,,149122506
2020,133319635,63,42,,149122448
2020,133319665,38,350,,149122498
2020,133319705,38,225,,149122552
2020,133317972,63,85,,149116435
2020,133317971,38,100,,149116434
2020,134040345,16,25,,150127427
2020,134040325,10,,,150108415
2020,134040345,63,50,,150108438
2020,134040345,9,0,,150127428
2020,133319638,38,1,,149122451
2020,133317913,38,1,,149116362
2020,133317952,63,500,,149122509
2020,133319685,4,350,,149122526
2020,133319684,63,150,,149116412
2020,133317973,63,250,,149122555
2020,133317973,21,100,,149116437
2020,133317973,20,200,,149116436
2020,133319707,38,70,,149116431
2020,132419908,63,135,,147971672
2020,132418798,23,400,,147975876
2020,132418734,10,,,147975795
2020,132418765,38,1500,,147975832
2020,132418792,63,137,,147975869
2020,133319662,35,64,,149122494
2020,132419899,10,,,147971663
2020,132419881,23,1000,,147975809
2020,132419881,63,20,,147975810
2020,132418794,63,205,,147975870
2020,132418781,16,5,,147975853
2020,134040366,23,700,31-OCT-20,150108468
2020,134040352,21,10,,150108442
2020,134040368,23,700,,150108469
2020,134040368,21,20,,150108471
2020,134040370,38,1500,,150108473
2020,134040369,38,2000,,150108472
2020,133319697,4,160,,149116423
2020,133317928,38,11196,,149116378
2020,133317928,5,1,,149116379
2020,133317936,38,546,,149122485
2020,133319697,16,20,,149122543
2020,133319697,63,60,,149116424
2020,133319651,63,80,,149122471
2020,133319640,23,1000,,149122454
2020,133319651,23,500,,149116376
2020,133319651,9,0,,149122473
2020,133319651,19,1,,149122472
2020,133317923,23,999,,149122461
2020,133317926,63,80,18-NOV-20,149122468
2020,133317926,23,500,18-NOV-20,149122467
2020,133317926,19,1,18-NOV-20,149122469
2020,133317926,9,0,18-NOV-20,149122470
2020,133317929,63,10,,149122476
2020,133317929,23,900,,149116381
2020,133319661,38,200,,149122490
2020,133319672,63,100,,149122507
2020,133319673,38,500,,149116405
2020,133319695,10,,,149122541
2020,133317933,38,146,,149116386
2020,133317956,38,100,,149116409
2020,132419902,6,20,,147975858
2020,132419902,63,30,,147975857
2020,133319641,63,1,,149122458
2020,133317914,38,500,,149122452
2020,133319641,26,3,,149122457
2020,133319641,10,,,149116369
2020,133319641,21,355,,149116367
2020,133317931,10,1,,149122477
2020,133317931,11,5,,149116382
2020,133319663,38,250,,149122496
2020,132418782,38,146,,147975854
2020,132418733,21,40,,147971614
2020,132418764,33,500,,147975831
2020,132418775,19,1,14-OCT-20,147975846
2020,132419877,23,1200,,147971615
2020,132418787,23,700,,147975864
2020,132419876,63,800,,147975802
2020,132418745,16,1,,147975811
2020,132418745,63,20,,147971629
2020,132418745,9,0,,147971631
2020,132418745,21,30,,147971628
2020,133317941,9,0,,149116394
2020,133317941,21,120,,149122492
2020,133317941,23,800,,149122489
2020,133317941,63,60,,149116393
2020,133317941,16,1,,149122495
2020,133317945,36,405,,149116400
2020,134040353,4,500,,150108444
2020,134040277,10,,,150108358
2020,134040302,10,,,150127400
2020,134040331,63,100,,150108422
2020,134040351,4,500,02-DEC-20,150108443
2020,134032372,21,1,,150108373
2020,134040365,4,150,,150108466
2020,134040365,16,15,,150108467
2020,134032358,38,100,,150127352
2020,134040348,63,500,,150127429
2020,134040356,23,400,30-NOV-20,150127438
2020,134040360,63,50,,150108457
2020,134040360,6,30,,150108458
2020,134032418,23,400,,150127439
2020,134040323,10,1,,150108409
2020,134040296,23,130,,150108384
2020,134040323,11,1,,150108410
2020,134040323,63,1,,150108411
2020,134040311,4,300,,150108395
2020,134032364,63,400,,150127360
2020,134040303,63,500,,150108389
2020,134040310,16,20,,150108394
2020,134040278,10,,,150108359
2020,134040288,63,250,,150108369
2020,134032419,63,20,,150127441
2020,134032419,11,1,,150127442
2020,134032419,10,20,,150127440
2020,134040364,4,1500,,150108464
2020,134040364,16,25,,150108465
2020,134040282,38,90,,150108364
2020,134040317,10,,,150108403
2020,135462358,63,50,17-DEC-20,152030539
2020,135462361,63,200,,152030549
2020,135462360,63,50,,152030541
2020,135462360,9,0,,152035735
2020,135462360,25,25,,152030542
2020,135462360,19,10,,152030545
2020,135462358,19,5,17-DEC-20,152030540
2020,134040300,23,300,,150127395
2020,134032380,63,5,,150127387
2020,134040300,63,1,,150127398
2020,134040300,9,0,,150127397
2020,134040300,19,10,,150127396
2020,134040332,23,200,,150108423
2020,134040332,9,0,,150108425
2020,134040332,63,10,,150108424
2020,134032360,38,60,,150127353
2020,134032385,23,1200,,150108386
2020,134040319,9,0,,150108404
2020,134040340,23,900,,150108432
2020,134032366,10,,,150127363
2020,134032385,63,15,,150108387
2020,134040272,63,100,,150108351
2020,134040293,16,25,,150108381
2020,134040293,4,600,,150108380
2020,134040337,23,500,,150108431
2020,134040336,9,0,28-NOV-20,150108430
2020,134040336,63,1,28-NOV-20,150108429
2020,134040274,23,100,21-DEC-20,150108355
2020,134040275,23,100,,150108356
2020,134040294,16,50,,150108382
2020,134040327,38,299,,150108417
2020,134040361,63,75,,150108459
2020,134040347,63,100,,150108439
2020,134040363,36,415,,150108463
2020,134032425,16,20,,150127447
2020,134040298,63,1,,150108388
2020,134032409,21,1,,150127423
2020,134040359,38,3215,,150108453
2020,134040328,38,625,,150108418
2020,134040297,38,207,,150108385
2020,134040299,3,18000,,150127394
2020,134040318,21,19,,150127405
2020,134040324,25,300,,150108413
2020,134040279,36,65,,150108360
2020,134040312,38,1000,,150108396
2020,134040324,7,900,,150108412
2020,134040343,25,20,,150108435
2020,134040343,63,1,,150108436
2020,134040343,20,66,,150108434
2020,134040341,25,20,08-NOV-20,150108433
2020,134032423,23,1000,,150108461
2020,134032423,6,230,,150108462
2020,134032423,63,180,,150127444
2020,134032423,25,60,,150127445
2020,134032422,10,,,150108456
2020,134032383,26,300,,150127390
2020,134040305,38,25,,150108391
2020,133317953,23,1000,,149122510
2020,133319629,63,101,,149122437
2020,133317943,38,546,,149116397
2020,133317953,63,1,,149116408
2020,133317953,25,30,,149122512
2020,133317953,20,80,,149122511
2020,133319689,63,75,,149122534
2020,133317964,16,15,,149116418
2020,133317964,4,230,,149116417
2020,133319696,6,220,,149116420
2020,133319696,25,5,,149122542
2020,133319696,17,50,,149116422
2020,133319696,23,900,,149116419
2020,133317970,4,800,,149116430
2020,133317970,16,5,,149116433
2020,133317970,63,20,,149116432
2020,133319687,63,20,,149122529
2020,135462398,16,150,,152035801
2020,135457244,38,40,,152035777
2020,133319637,63,375,,149122450
2020,133319652,63,25,,149122474
2020,133319658,38,50,,149122484
2020,133317944,38,1274,,149116398
2020,133319676,10,,,149122513
2020,133319687,9,0,,149122531
2020,133319687,23,1000,,149122528
2020,133319687,25,15,,149122530
2020,133317980,4,500,,149116442
2020,133317980,16,30,,149116443
2020,134032365,56,16,,150127362
2020,134040285,38,1030,,150108367
2020,134032365,20,215,,150127361
2020,134032365,19,264,,150127359
2020,134032365,7,2000,,150127357
2020,134032365,16,1000,,150127358
2020,134040301,4,120,,150127399
2020,134032396,63,100,,150127410
2020,134032401,63,150,,150127413
2020,134032407,38,400,,150127419
2020,134032415,63,75,,150127433
2020,133317979,38,60,,149116441
2020,133319648,38,500,,149122465
2020,133317934,63,200,,149116387
2020,133319656,23,500,,149122481
2020,133319656,25,400,,149122482
2020,133319698,38,225,,149122544
2020,133317921,11,1,,149122455
2020,133317921,10,,,149122456
2020,133317939,63,150,,149116389
2020,133317949,38,200,,149116403
2020,133317955,38,500,,149122519
2020,133319682,63,300,,149122524
2020,133317959,38,3215,,149116413
2020,133319693,16,100,,149116421
2020,133319694,4,450,,149122540
2020,133319701,63,100,,149122548
2020,133319700,38,900,,149122547
2020,136695439,3,20000,24-DEC-20,153588177
2020,136691031,3,20000,,153588178
2020,134032420,38,2445,,150127443
2020,134032381,20,20,18-AUG-20,150127388
2020,134032382,20,20,,150127389
2020,134040354,10,,,150127435
2020,134032424,38,500,,150127446
2020,133319654,23,187,14-NOV-20,149122478
2020,133319655,23,187,,149122480
2020,133319690,16,30,,149122536
2020,133319690,4,250,,149122535
2020,134032408,23,700,,150127420
2020,133317951,23,250,,149116406
2020,133319708,38,600,,149122557
2020,133317976,6,212,,149116438
2020,134032408,63,15,,150127422
2020,134032408,19,25,,150127421
2020,134032412,63,100,,150127430
2020,134032395,38,575,,150127409
2020,134032376,25,5,,150127381
2020,134032376,16,5,,150127382
2020,134032376,63,30,,150127380
2020,134032398,63,5,,150127411
2020,134032398,38,1,,150127412
2020,134032416,38,250,,150127434
2020,134032368,63,500,,150127365
2020,133319706,21,270,,149122550
2020,133317968,25,30,29-OCT-20,149116426
2020,133319706,25,30,,149116429
2020,133319706,9,0,,149122554
2020,133319706,63,110,,149122551
2020,133317938,63,2000,,149116390
2020,133319683,38,1000,,149122525
2020,133317974,4,800,,149122556
2020,134040316,23,1000,12-DEC-20,150108401
2020,134032387,23,400,,150127393
2020,134032386,23,400,16-DEC-20,150127392
2020,134040316,63,20,12-DEC-20,150127401
2020,134032389,63,20,,150127402
2020,134032389,23,1000,,150108402
2020,134032393,38,250,,150127406
2020,134040335,10,,,150108428
2020,134032413,63,999,,150127431
2020,134040362,38,960,,150108460
2020,134032390,16,100,,150127404
2020,134032390,4,1600,,150127403
2020,133319674,63,4000,,149116407
2020,133317908,63,83,,149116356
2020,133317935,38,10000,,149116388
2020,133319669,38,3215,,149116399
2020,133317957,63,299,,149116411
2020,133317967,38,394,,149116425
2020,133317969,38,150,,149116428
2020,133319704,21,50,,149122553
2020,134032379,6,1,,150127386
2020,133317960,63,200,,149116414
2020,133317963,38,150,,149116416
2020,133317975,36,45,,149122558
2020,135457263,16,100,,152030594
2020,135457264,4,600,,152035799
2020,134032410,4,10,01-DEC-20,150127424
2020,134032375,10,,,150127379
2020,134032394,63,10,,150127408
2020,134032394,23,900,,150127407
2020,134032411,4,10,,150127425
2020,134032414,10,,,150127432
2020,133317962,23,700,18-SEP-20,149122532
2020,133319649,38,200,,149122466
2020,133317954,38,146,,149122514
2020,133319688,23,700,,149122533
2020,133319667,25,60,07-NOV-20,149122502
2020,133319631,63,42,,149122438
2020,133319667,6,230,07-NOV-20,149116396
2020,133319667,63,10,07-NOV-20,149122503
2020,133319667,9,0,07-NOV-20,149122504
2020,133319667,23,1000,07-NOV-20,149116395
2020,133319699,38,126,,149122545
2020,134040344,10,,,150108437
2020,134032417,9,0,,150127437
2020,134032417,20,20,,150108448
2020,134032417,25,5,,150127436
2020,134040355,20,20,29-NOV-20,150108445
2020,134040355,25,5,29-NOV-20,150108446
2020,134040355,9,0,29-NOV-20,150108447
2020,134032406,3,2000,,150127418
2020,134032405,21,1,,150108427
2020,134040349,23,200,02-DEC-20,150108440
2020,134040350,23,200,,150108441
2020,134040357,63,20,,150108450
2020,134040357,6,1,,150108451
2020,134040357,25,3000,,150108449
2020,134040358,10,1,,150108452
2020,134032377,38,546,,150127383
2020,134040333,23,200,,150108426
2020,134032421,63,10,,150108455
2020,134032421,23,500,,150108454
2020,134040291,63,200,,150108374
2020,134032378,23,800,,150127384
2020,134032378,21,200,,150127385
2020,134040321,4,3200,,150108406
2020,134040321,16,70,,150108407
2020,134032404,63,30,,150127417
2020,133317961,36,550,,149116415
2020,133319625,63,10,,149122433
2020,133317958,38,452,,149116410
2020,133319691,23,350,,149122537
2020,133319691,19,10,,149122538
2020,133317966,38,500,,149122546
2020,133317978,17,155,,149116440
2020,133317977,63,200,,149116439
2020,135462392,63,50,,152035788
2020,135462350,38,100,,152035718
2020,135462397,23,1000,,152035798
2020,135457261,23,1000,14-FEB-20,152035797
2020,135457240,4,350,,152030575
2020,135457240,16,15,,152030576
2020,135462377,23,800,,152035756
2020,135457234,38,300,,152030569
2020,135457237,6,100,,152035769
2020,135457228,24,5000,,152035754
2020,136695429,63,1500,,153588165
2020,136695422,63,282,,153588158
2020,136695428,63,400,,153588163
2020,136695444,63,50,,153588188
2020,136695444,9,0,,153588189
2020,136695444,23,100,,153588187
2020,136691045,38,30,,153588263
2020,136695526,63,130,,153588293
2020,136691034,4,600,,153581855
2020,136695525,3,30000,06-MAY-20,153588288
2020,136695526,7,1200,,153588290
2020,136695526,3,30000,,153588289
2020,136695526,6,75,,153588294
2020,136695526,23,850,,153588291
2020,136695526,16,259,,153588292
2020,136695505,63,1854,,153588264
2020,136695445,38,75,,153588190
2020,136695446,10,,,153588191
2020,135457223,63,1,,152035740
2020,135462354,63,200,,152030536
2020,135457223,21,64,,152035738
2020,135457223,25,20,,152035739
2020,135462378,25,10,,152035759
2020,135462378,23,500,,152030564
2020,135462387,38,1,,152035775
2020,135457255,23,650,,152030585
2020,135457255,25,50,,152035789
2020,135457255,63,150,,152030587
2020,135457255,6,200,,152030586
2020,135457255,21,150,,152030588
2020,135457252,63,50,12-SEP-20,152030584
2020,136695430,63,100,,153588166
2020,136691049,63,500,,153581875
2020,136691054,23,561,,153588279
2020,135462379,23,800,,152030566
2020,135462379,20,60,,152030568
2020,135462379,25,150,,152030567
2020,135462379,9,0,,152035760
2020,136695512,23,1000,,153588275
2020,136695442,25,5,,153588186
2020,136695442,23,50,,153588184
2020,136695442,6,150,,153588182
2020,136695426,63,100,,153588162
2020,135457224,23,700,,152030556
2020,135457250,4,100,,152035784
2020,135457250,63,50,,152035786
2020,136691051,26,1,,153581878
2020,136691051,23,1,,153581877
2020,135462355,23,1000,,152035731
2020,135462381,3,23000,,152035764
2020,135462371,16,30,,152030558
2020,135462371,4,700,,152030557
2020,135462381,6,50,,152035765
2020,135462385,23,200,,152030574
2020,135457241,51,0,,152030581
2020,135462370,21,175,,152035746
2020,135462370,23,719,,152035745
2020,135462380,3,10000,,152035763
2020,135457241,26,5,,152030579
2020,135457241,23,100,,152030578
2020,135457266,38,400,,152035800
2020,135457267,23,500,,152035802
2020,135457233,63,550,,152035761
2020,135457233,23,50,,152035762
2020,135457265,63,20,,152030595
2020,135457238,9,0,,152030572
2020,135457262,63,128,,152030593
2020,135462373,23,100,,152035751
2020,135457236,23,200,,152035766
2020,135457236,63,10,,152030570
2020,135457236,10,10,,152035767
2020,135457238,23,1850,,152035770
2020,135457238,16,1,,152035772
2020,135457238,63,200,,152035771
2020,135457238,25,50,,152030571
2020,135457232,21,16,,152030561
2020,135457232,63,12,,152030562
2020,135457232,25,5,,152035758
2020,135457232,10,5,,152030565
